channel_id,language_code,title,description
UCJZt93WO-evfsfi7YlVmrQA,en_US,TheGrayCuber,"welcome to TheGrayCuber channel, a place for mathematical fun!
"
UCiYjpuUaSfkvdZkmtDU7JRw,or_IN,MyOnlineTrainingHub,"Teaching you Excel and Power BI skills that will get you noticed and promoted. For more, check out my courses here:  https://www.myonlinetraininghub.com/courses"
UCUHW94eEFW7hkUMVaZz4eDg,en_US,minutephysics,"Simply put: cool physics and other sweet science.

""If you can't explain it simply, you don't understand it well enough.""
~Rutherford via Einstein? (wikiquote)

Created by Henry Reich"
UCUHW94eEFW7hkUMVaZz4eDg,es_ES,MinutoDeFísica,
UC7IZjtoKFmgE4f2UnWBUjaA,af_ZA,Jamie Sosiaal,"Voel jy ooit asof sosiale goed baie meer ingewikkeld is as wat dit hoef te wees? Ek ook!
Ek is Jamie, en hierdie kanaal breek al daardie ongeskrewe reëls van menslike interaksie af deur stokfigure te gebruik (want hoekom moet ons dit nog meer ingewikkeld maak?).
Geen jargon of wollerige teorieë hier nie—net reguit wenke oor hoe om ongemaklike gesprekke te hanteer, beter verhoudings op te bou, en te verstaan hoekom ons die vreemde goed doen wat ons doen.
Of jy nou probeer om kantoorpolitiek te navigeer, uitgaan, vriendskappe, of net daardie stem in jou kop wil stop wat alles oordink, ek het jou gedek.
Nuwe video's elke week wat jou sal help om mense (insluitend jouself) te verstaan sonder om 'n sielkunde-graad nodig te hê. Teken in as jy gereed is om jou mensevaardighede te verbeter terwyl jy stokfigure sien wat die lewe verduidelik!"
UC7IZjtoKFmgE4f2UnWBUjaA,am_ET,ጄሚ ሶሻል,"የማህበራዊ ነገሮች ከሚያስፈልጋቸው በላይ የተወሳሰቡ ናቸው ብላችሁ ተሰምቶአችሁ ያውቃል? እኔም እንደዚሁ!
እኔ ጄሚ ነኝ፣ እና ይህ ቻናል የሰዎች መስተጋብርን ያላቸውን ያልተጻፉ ህጎች በዱላ ምስሎች ይገልጻል (ነገሮችን ከዚህ በላይ ለምን እናወሳስባቸው?)።
እዚህ ምንም የባለሙያ ቋንቋ ወይም ተንሳፋፊ ንድፈ ሃሳቦች የሉም—ከውርደት ውይይቶች ጋር ለመወዳደር፣ የተሻሉ ግንኙነቶችን ለመገንባት፣ እና እንግዳ ባህርያትን ለምን እንደምንሰራ ለመገንዘብ ቀጥተኛ ምክሮች ብቻ።
የቢሮ ፖለቲካን ለማስተዳደር፣ ፍቅር፣ ወዳጅነት፣ ወይም በራስዎ ውስጥ ያለውን ሁሉንም ነገር የሚያስታይ ድምጽ ለማቆም የሚሞክሩ ቢሆኑ፣ እርስዎን ሸፍኜአችኋለሁ።
በየሳምንቱ አዲስ ቪዲዮዎች ሰዎችን (እራስዎንም ጨምሮ) የሳይኮሎጂ ዲግሪ ሳያስፈልግ እንዲረዱ ይረዳዎታል። በዱላ ምስሎች ሕይወትን ሲያብራሩ እየተመለከቱ የሰዎች ክህሎቶችዎን ለማሻሻል ዝግጁ ከሆኑ ይመዝገቡ!"
UC7IZjtoKFmgE4f2UnWBUjaA,ar_EG,Jamie Social,"أحيانًا تشعر أن التفاعلات الاجتماعية أكثر تعقيدًا مما ينبغي؟ أنا أيضًا!
أنا جيمي، وهذه القناة تفكك كل تلك القواعد غير المكتوبة للتفاعل الإنساني باستخدام رسومات العصا البسيطة (لأن لماذا نزيد الأمور تعقيدًا؟).
لا مصطلحات معقدة أو نظريات غامضة هنا—فقط نصائح مباشرة حول التعامل مع المحادثات المحرجة، وبناء علاقات أفضل، وفهم لماذا نفعل الأشياء الغريبة التي نفعلها.
سواء كنت تحاول التنقل في سياسة المكتب، أو المواعدة، أو الصداقات، أو تريد فقط إسكات ذلك الصوت في رأسك الذي يحلل كل شيء بشكل مفرط، فأنا أغطي كل ذلك.
فيديوهات جديدة كل أسبوع ستساعدك على فهم الناس (بما في ذلك نفسك) دون الحاجة إلى شهادة في علم النفس. اشترك إذا كنت مستعدًا لتحسين مهاراتك الاجتماعية بينما تشاهد رسومات العصا تشرح الحياة!"
UC7IZjtoKFmgE4f2UnWBUjaA,as_IN,জেমি ছ'চিয়েল,"কেতিয়াবা লাগে নেকি যে সামাজিক কথাবোৰ প্ৰয়োজনতকৈ বহুত জটিল? মোৰো একেই অনুভৱ!
মই জেমি, আৰু এই চেনেলটোৱে মানুহৰ মাজৰ মিলা-মিছাৰ সেই সকলো নলিখা নিয়মবোৰ লাঠি-মানুহৰ ছবিৰে ব্যাখ্যা কৰে (কিয়নো কথাবোৰ আৰু জটিল কৰাৰ প্ৰয়োজন কি?)।
ইয়াত কোনো কাৰিকৰী শব্দ বা ফোপোলা তত্ত্ব নাই—কেৱল বিভ্ৰান্তিকৰ কথা-বতৰা চম্ভালিবলৈ, ভাল সম্পৰ্ক গঢ়িবলৈ, আৰু আমি কিয় আচহুৱা কাম কৰোঁ সেইটো বুজিবলৈ পোনপটীয়া উপায়হে।
তুমি অফিচৰ ৰাজনীতি, প্ৰেম-ভালপোৱা, বন্ধুত্বত খোজ মিলাবলৈ চেষ্টা কৰা হওক বা মনৰ ভিতৰত সকলো কথাকে বেছিকৈ বিশ্লেষণ কৰা সেই মাতটো বন্ধ কৰিব বিচৰা হওক, মই তোমাক সহায় কৰিম।
প্ৰতি সপ্তাহে নতুন ভিডিঅ' যিবোৰে তোমাক মানুহক (নিজকো ধৰি) মনোবিজ্ঞানৰ ডিগ্ৰী নোলোৱাকৈয়ে বুজিবলৈ সহায় কৰিব। যদি তুমি লাঠি-মানুহে জীৱনৰ ব্যাখ্যা দিয়া চাই নিজৰ সামাজিক দক্ষতা বঢ়াবলৈ সাজু, তেন্তে চাবস্ক্ৰাইব কৰা!"
UC7IZjtoKFmgE4f2UnWBUjaA,az_AZ,Ceymi Sosial,"Heç sosial işlərin lazım olduğundan daha mürəkkəb olduğunu hiss etmisiniz? Mən də!
Mən Ceymiyəm və bu kanal çubuq fiqurları istifadə edərək insan qarşılıqlı əlaqəsinin bütün yazılmamış qaydalarını izah edir (nə üçün işləri daha da mürəkkəbləşdirək ki?).
Burada heç bir jarqon və ya boş nəzəriyyə yoxdur - sadəcə yöndəmsiz söhbətlərlə məşğul olmaq, daha yaxşı münasibətlər qurmaq və nə üçün qəribə işlər etdiyimizi başa düşmək üçün sadə məsləhətlər.
İstər ofis siyasətində, tanışlıqda, dostluqlarda naviqasiya etməyə çalışırsınız, istərsə də sadəcə beyninizdə hər şeyi həddindən artıq təhlil edən o səsi dayandırmaq istəyirsiniz - sizinlə yanınızdayam.
Hər həftə yeni videolar sizə psixologiya diplomu olmadan insanları (o cümlədən özünüzü) başa düşməkdə kömək edəcək. Çubuq fiqurlarının həyatı izah etməsini izləyərkən insan münasibətləri bacarıqlarınızı inkişaf etdirməyə hazırsınızsa, abunə olun!"
UC7IZjtoKFmgE4f2UnWBUjaA,be_BY,Джэймі Сацыяльны,"Ці адчувалі калі-небудзь, што сацыяльныя справы значно складанейшыя, чым гэта патрэбна? У мяне таксама!
Я Джэймі, і гэты канал раскладвае ўсе тыя ненапісаныя правілы чалавечага ўзаемадзеяння з дапамогай палачковых фігурак (навошта яшчэ больш ускладняць?).
Тут няма ніякага жаргону ці пустых тэорый—толькі простыя парады па тым, як справіцца з незручнымі размовамі, будаваць лепшыя адносіны і разумець, чаму мы робім дзіўныя рэчы.
Незалежна ад таго, ці спрабуеце вы арыентавацца ў офісных палітыках, знаёмствах, сяброўствах, ці проста хочаце спыніць голас у галаве, які ўсё занадта аналізуе, я дапамагу вам.
Новыя відэа кожны тыдзень, якія дапамогуць вам зразумець людзей (уключаючы сябе) без неабходнасці мець ступень па псіхалогіі. Падпішыцеся, калі гатовы павысіць свае навыкі зносін з людзьмі, глядзячы, як палачковыя фігуркі тлумачаць жыццё!"
UC7IZjtoKFmgE4f2UnWBUjaA,bg_BG,Джейми Социален,"Чувствали ли сте някога, че социалните неща са много по-сложни, отколкото трябва да бъдат? И аз също!
Аз съм Джейми и този канал разглежда всички тези неписани правила на човешкото взаимодействие, използвайки фигурки от клечки (защо да усложняваме нещата още повече?).
Тук няма жаргон или празни теории—само ясни съвети за справяне с неудобни разговори, изграждане на по-добри отношения и разбиране защо правим странните неща, които правим.
Независимо дали се опитвате да навигирате в офис политиката, запознанствата, приятелствата, или просто искате да спрете този глас в главата си, който прекалено анализира всичко, аз съм тук за вас.
Нови видеа всяка седмица, които ще ви помогнат да разберете хората (включително себе си), без да се нуждаете от диплома по психология. Абонирайте се, ако сте готови да подобрите уменията си за общуване с хора, докато гледате фигурки от клечки да обясняват живота!"
UC7IZjtoKFmgE4f2UnWBUjaA,bn_BD,জেমি সোশ্যাল,"কখনো মনে হয়েছে যে সামাজিক বিষয়গুলো প্রয়োজনের চেয়ে অনেক বেশি জটিল? আমারও তাই মনে হয়!
আমি জেমি, এবং এই চ্যানেলটি স্টিক ফিগার ব্যবহার করে মানুষের মিথস্ক্রিয়ার সব অলিখিত নিয়মগুলো ভেঙে দেয় (কেন আরো জটিল করব?)।
এখানে কোনো শব্দজাল বা ফাঁপা তত্ত্ব নেই—শুধু সরাসরি টিপস যা বিশ্রী কথোপকথন সামলানো, ভালো সম্পর্ক গড়ে তোলা, এবং আমরা কেন অদ্ভুত কাজ করি তা বোঝার জন্য।
আপনি অফিস রাজনীতি, ডেটিং, বন্ধুত্ব নেভিগেট করার চেষ্টা করুন বা শুধু আপনার মাথার সেই কণ্ঠস্বর বন্ধ করতে চান যা সবকিছু অতিরিক্ত বিশ্লেষণ করে, আমি আপনার সাথে আছি।
প্রতি সপ্তাহে নতুন ভিডিও যা আপনাকে মনোবিজ্ঞানের ডিগ্রি ছাড়াই মানুষকে (নিজেকে সহ) বুঝতে সাহায্য করবে। আপনি যদি স্টিক ফিগারদের জীবন ব্যাখ্যা করতে দেখে আপনার সামাজিক দক্ষতা বাড়াতে প্রস্তুত হন, তাহলে সাবস্ক্রাইব করুন!"
UC7IZjtoKFmgE4f2UnWBUjaA,bs_BA,Jamie Društveni,"Jeste li ikad imali osjećaj da su društvene stvari mnogo komplikovanije nego što trebaju biti? I ja isto!
Ja sam Jamie, i ovaj kanal objašnjava sva ta nepisana pravila ljudske interakcije koristeći štapić-figure (jer zašto dodatno komplikovati stvari?).
Ovdje nema žargona ili napuhanih teorija—samo jasni savjeti o tome kako se nositi s neugodnim razgovorima, graditi bolje odnose i razumjeti zašto radimo čudne stvari koje radimo.
Bilo da pokušavate navigirati kroz kancelarijske politike, zabavljanje, prijateljstva, ili jednostavno želite zaustaviti taj glas u glavi koji sve previše analizira, tu sam za vas.
Novi videji svake sedmice koji će vam pomoći da razumijete ljude (uključujući sebe) bez potrebe za diplom iz psihologije. Pretplatite se ako ste spremni poboljšati svoje vještine u ophođenju s ljudima dok gledate štapić-figure kako objašnjavaju život!"
UC7IZjtoKFmgE4f2UnWBUjaA,ca_ES,Jamie Social,"Has sentit mai que les coses socials són molt més complicades del que haurien de ser? Jo també!
Sóc en Jamie, i aquest canal desglossa totes aquestes regles no escrites de la interacció humana utilitzant figures de pal (perquè complicar-ho encara més?).
Aquí no hi ha argot ni teories buides—només consells directes per tractar converses incòmodes, construir millors relacions i entendre per què fem les coses estranyes que fem.
Tant si estàs intentant navegar per la política d'oficina, les cites, les amistats, o simplement vols aturar aquesta veu al teu cap que ho analitza tot en excés, et tinc cobert.
Vídeos nous cada setmana que t'ajudaran a entendre la gent (inclòs tu mateix) sense necessitat d'un títol en psicologia. Subscriu-te si estàs preparat per millorar les teves habilitats socials mentre veus figures de pal explicar la vida!"
UC7IZjtoKFmgE4f2UnWBUjaA,cs_CZ,Jamie Sociální,"Připadá vám někdy, že sociální věci jsou daleko komplikovanější, než by měly být? Mně taky!
Jsem Jamie a tento kanál rozebírá všechna ta nepsaná pravidla lidské interakce pomocí panáčků (proč to dělat ještě složitější?).
Žádný žargon ani nadýchané teorie—jen přímočaré tipy na zvládání trapných konverzací, budování lepších vztahů a pochopení toho, proč děláme ty divné věci, co děláme.
Ať už se snažíte zorientovat v kancelářské politice, randění, přátelstvích, nebo jen chcete umlčet ten hlas v hlavě, který všechno přeanalyzovává, mám pro vás řešení.
Každý týden nová videa, která vám pomohou pochopit lidi (včetně sebe sama), aniž byste potřebovali titul z psychologie. Odebírejte, pokud jste připraveni vylepšit své sociální dovednosti při sledování panáčků vysvětlujících život!"
UC7IZjtoKFmgE4f2UnWBUjaA,da_DK,Jamie Sociale,"Føler du nogensinde, at sociale ting er meget mere komplicerede, end de behøver at være? Det gør jeg også!
Jeg er Jamie, og denne kanal forklarer alle de uskrevne regler for menneskelig interaktion ved hjælp af streg-figurer (for hvorfor gøre tingene endnu mere komplicerede?).
Ingen jargon eller luftige teorier her—bare ligetil tips til at håndtere akavede samtaler, opbygge bedre forhold og forstå, hvorfor vi gør de mærkelige ting, vi gør.
Uanset om du prøver at navigere i kontorpolitik, dating, venskaber, eller bare vil stoppe den stemme i dit hoved, der overanalyserer alt, så har jeg dig dækket.
Nye videoer hver uge, der hjælper dig med at forstå mennesker (inklusive dig selv) uden at skulle have en grad i psykologi. Abonnér, hvis du er klar til at forbedre dine sociale færdigheder, mens du ser streg-figurer forklare livet!"
UC7IZjtoKFmgE4f2UnWBUjaA,de_DE,Jamie Social,"Du hast auch schon mal das Gefühl gehabt, dass soziale Dinge viel komplizierter sind als nötig? Ich auch!
Ich bin Jamie und auf diesem Kanal erkläre ich all die ungeschriebenen Regeln menschlicher Interaktion mit Strichmännchen (denn warum die Sache noch komplizierter machen?).
Kein Fachjargon oder schwammige Theorien hier—nur direkte Tipps zum Umgang mit unangenehmen Gesprächen, zum Aufbau besserer Beziehungen und zum Verständnis, warum wir die seltsamen Dinge tun, die wir tun.
Ob du versuchst, durch Büropolitik, Dates, Freundschaften zu navigieren, oder einfach nur diese Stimme in deinem Kopf abstellen willst, die alles überanalysiert – ich hab's für dich.
Neue Videos jede Woche, die dir helfen, Menschen (auch dich selbst) zu verstehen, ohne einen Psychologie-Abschluss zu brauchen. Abonniere, wenn du bereit bist, deine sozialen Fähigkeiten zu verbessern, während du Strichmännchen dabei zuschaust, wie sie das Leben erklären!"
UC7IZjtoKFmgE4f2UnWBUjaA,el_GR,Τζέιμι Social,"Έχεις νιώσει ποτέ ότι τα κοινωνικά πράγματα είναι πολύ πιο περίπλοκα από ό,τι χρειάζεται να είναι; Κι εγώ το ίδιο!
Είμαι η Jamie, και αυτό το κανάλι αναλύει όλους αυτούς τους άγραφους κανόνες της ανθρώπινης αλληλεπίδρασης χρησιμοποιώντας stick figures (γιατί να περιπλέξουμε τα πράγματα περισσότερο;).
Δεν υπάρχει ιδιωματισμός ή αερώδεις θεωρίες εδώ—μόνο ξεκάθαρες συμβουλές για το πώς να αντιμετωπίζεις άβολες συζητήσεις, να χτίζεις καλύτερες σχέσεις, και να καταλαβαίνεις γιατί κάνουμε τα παράξενα πράγματα που κάνουμε.
Είτε προσπαθείς να περιηγηθείς στην πολιτική του γραφείου, στα ραντεβού, στις φιλίες, ή απλώς θέλεις να σταματήσεις εκείνη τη φωνή στο κεφάλι σου που υπεραναλύει τα πάντα, σε έχω καλυμμένη.
Νέα βίντεο κάθε εβδομάδα που θα σε βοηθήσουν να καταλάβεις τους ανθρώπους (συμπεριλαμβανομένου του εαυτού σου) χωρίς να χρειάζεσαι πτυχίο ψυχολογίας. Κάνε εγγραφή αν είσαι έτοιμη να αναβαθμίσεις τις κοινωνικές σου δεξιότητες!"
UC7IZjtoKFmgE4f2UnWBUjaA,en_GB,Jamie Social,"Ever feel like social stuff is way more complicated than it needs to be? Same here!
I'm Jamie, and this channel breaks down all those unwritten rules of human interaction using stick figures (because why complicate things further?).
No jargon or fluffy theories here—just straightforward tips on dealing with awkward conversations, building better relationships, and understanding why we do the weird things we do.
Whether you're trying to navigate office politics, dating, friendships, or just want to stop that voice in your head that overanalyses everything, I've got you covered.
New videos every week that'll help you make sense of people (including yourself) without needing a psychology degree. Subscribe if you're ready to level up your people skills whilst watching stick figures explain life!"
UC7IZjtoKFmgE4f2UnWBUjaA,en_IN,Jamie Social,"Ever feel like social stuff is way more complicated than it needs to be? Same here!
I'm Jamie, and this channel breaks down all those unwritten rules of human interaction using stick figures (because why complicate things further?).
No jargon or fluffy theories here—just straightforward tips on dealing with awkward conversations, building better relationships, and understanding why we do the weird things we do.
Whether you're trying to navigate office politics, dating, friendships, or just want to stop that voice in your head that overanalyses everything, I've got you covered.
New videos every week that'll help you make sense of people (including yourself) without needing a psychology degree. Subscribe if you're ready to level up your people skills whilst watching stick figures explain life!"
UC7IZjtoKFmgE4f2UnWBUjaA,en_US,Jamie Social,"Ever feel like social stuff is way more complicated than it needs to be? Same here!

I'm Jamie, and this channel breaks down all those unwritten rules of human interaction using stick figures (because why complicate things further?).

No jargon or fluffy theories here—just straightforward tips on dealing with awkward convos, building better relationships, and understanding why we do the weird things we do.

Whether you're trying to navigate office politics, dating, friendships, or just want to stop that voice in your head that overanalyzes everything, I've got you covered.

New videos every week that'll help you make sense of people (including yourself) without needing a psychology degree. Subscribe if you're ready to level up your people skills while watching stick figures explain life!
"
UC7IZjtoKFmgE4f2UnWBUjaA,es_ES,Jamie Social,"¿Alguna vez has sentido que las cosas sociales son mucho más complicadas de lo necesario? ¡Yo también!
Soy Jamie, y este canal desglosa todas esas reglas no escritas de la interacción humana usando figuras de palitos (porque, ¿para qué complicar más las cosas?).
Aquí no hay jerga ni teorías rebuscadas—solo consejos directos sobre cómo manejar conversaciones incómodas, construir mejores relaciones y entender por qué hacemos las cosas raras que hacemos.
Ya sea que estés tratando de navegar la política de oficina, las citas, amistades, o simplemente quieras callar esa voz en tu cabeza que sobreanaliza todo, te tengo cubierto.
Nuevos videos cada semana que te ayudarán a entender a las personas (incluyéndote a ti mismo) sin necesitar un título en psicología. ¡Suscríbete si estás listo para mejorar tus habilidades sociales mientras ves a figuras de palitos explicar la vida!"
UC7IZjtoKFmgE4f2UnWBUjaA,es_MX,Jamie Social,"¿Alguna vez sientes que las cosas sociales son mucho más complicadas de lo que deberían ser? ¡A mí también!
Soy Jamie, y este canal desglosa todas esas reglas no escritas de la interacción humana usando figuras de palitos (¿para qué complicar las cosas más?).
Aquí no hay jerga ni teorías rebuscadas—solo consejos directos para lidiar con conversaciones incómodas, construir mejores relaciones y entender por qué hacemos las cosas raras que hacemos.
Ya sea que estés tratando de navegar la política de oficina, las citas, las amistades, o simplemente quieras parar esa voz en tu cabeza que sobreanaliza todo, te tengo cubierto.
Videos nuevos cada semana que te ayudarán a entender a las personas (incluyéndote a ti) sin necesidad de un título en psicología. ¡Suscríbete si estás listo para mejorar tus habilidades sociales mientras ves figuras de palitos explicar la vida!"
UC7IZjtoKFmgE4f2UnWBUjaA,es_US,Jamie Social,"¿Alguna vez sientes que las cosas sociales son mucho más complicadas de lo que necesitan ser? ¡A mí también!
Soy Jamie, y este canal desglosa todas esas reglas no escritas de la interacción humana usando figuras de palitos (¿por qué complicar las cosas aún más?).
Aquí no hay jerga ni teorías pomposas—solo consejos directos para lidiar con conversaciones incómodas, construir mejores relaciones y entender por qué hacemos las cosas raras que hacemos.
Ya sea que estés tratando de navegar la política de oficina, las citas, las amistades, o simplemente quieras parar esa voz en tu cabeza que sobreanaliza todo, te tengo cubierto.
¡Videos nuevos cada semana que te ayudarán a entender a las personas (incluyéndote a ti) sin necesidad de un título en psicología! Suscríbete si estás listo para mejorar tus habilidades sociales mientras ves figuras de palitos explicar la vida!"
UC7IZjtoKFmgE4f2UnWBUjaA,et_EE,Jamie Sotsiaalne,"Kas tunned kunagi, et sotsiaalsed asjad on palju keerulisemad kui vaja? Mina ka!
Olen Jamie ja see kanal selgitab kõiki neid kirjutamata reegleid inimsuhtluses pulkade abil (miks muuta asju veelgi keerulisemaks?).
Siin pole žargooni ega tühje teooriaid—ainult otsekohesed nõuanded kohmakate vestluste pidamiseks, paremate suhete loomiseks ja selle mõistmiseks, miks me teeme neid veidraid asju, mida teeme.
Ükskõik kas üritad navigeerida kontoripoliitikas, kohtingutel, sõprussuhetes või tahad lihtsalt peatada selle hääle peas, mis kõike üle analüüsib, olen sind katnud.
Iga nädal uued videod, mis aitavad sul inimesi mõista (kaasa arvatud iseennast) ilma psühholoogiadiplomita. Telli, kui oled valmis oma sotsiaalseid oskusi parandama, vaadates kuidas pulgad elu selgitavad!"
UC7IZjtoKFmgE4f2UnWBUjaA,eu_ES,Jamie Social,"Inoiz sentitu al duzu gizarte gaiak behar baino askoz ere korapilotsuagoak direla? Ni ere bai!
Ni Jamie naiz, eta kanal honek giza elkarrekintzaren idatzi gabeko arau guztiak azaltzen ditu makil-irudiak erabiliz (zergatik korapilatu gehiago?).
Hemen ez dago hiztegirik edo teoria hutsalik—aholku zuzenak bakarrik, egoera ezin batean hitz egiteko, harreman hobeak eraikitzeko, eta zergatik egiten ditugun gauza arraroak ulertzeko.
Bulegoko politiketan, ligan, adiskidetzetan nabigatu nahi duzun ala buruan duzun dena gehiegi aztertzen duen ahotsa gelditu nahi duzun, nik lagunduko dizut.
Astero bideo berriak psikologiako titulua behar izan gabe jendea (zeu barne) ulertzen lagunduko dizutenak. Makil-irudiek bizitza azaltzen ikusten ari zaren bitartean zure jende trebetasunak hobetzeko prest bazaude, harpidetu!"
UC7IZjtoKFmgE4f2UnWBUjaA,fa_IR,جیمی سوشال,"تا حالا احساس کرده‌ای که مسائل اجتماعی خیلی پیچیده‌تر از اونچیزی هستن که باید باشن؟ منم همینطور!
من جیمی هستم، و این کانال تمام اون قوانین نانوشته‌ی تعامل انسانی رو با استفاده از آدمک‌های چوبی ساده می‌کنه (چون چرا باید اوضاع رو پیچیده‌تر کنیم؟).
اینجا هیچ اصطلاح پیچیده یا تئوری‌های پوچی نیست—فقط راهکارهای مستقیم برای مقابله با مکالمات ناخوشایند، ساختن روابط بهتر، و فهمیدن اینکه چرا کارهای عجیب و غریب انجام می‌دیم.
چه داری سعی می‌کنی توی سیاست اداری، دوست‌یابی، دوستی‌ها راهت رو پیدا کنی یا فقط می‌خوای اون صدای توی سرت رو که همه چیز رو زیادی تحلیل می‌کنه ساکت کنی، من پشتتم.
هر هفته ویدیوهای جدید که بهت کمک می‌کنن آدم‌ها رو (از جمله خودت) بدون نیاز به مدرک روان‌شناسی بفهمی. اگه آماده‌ای مهارت‌های اجتماعیت رو ارتقا بدی در حالی که آدمک‌های چوبی دارن زندگی رو توضیح می‌دن، سابسکرایب کن!"
UC7IZjtoKFmgE4f2UnWBUjaA,fi_FI,Jamie Sosiaalinen,"Tuntuuko siltä, että sosiaaliset jutut ovat paljon monimutkaisempia kuin niiden tarvitsisi olla? Sama täällä!
Olen Jamie, ja tämä kanava purkaa kaikki ne kirjoittamattomat ihmisten välisen vuorovaikutuksen säännöt käyttämällä tikku-ukkoja (miksi mutkistaa asioita entisestään?).
Ei ammattikieltä tai höttöisiä teorioita täällä—vain suoraviivaisia vinkkejä kiusallisten keskustelujen käsittelyyn, parempien ihmissuhteiden rakentamiseen ja sen ymmärtämiseen, miksi teemme niitä outoja asioita mitä teemme.
Olitpa sitten navigoimassa toimistopolitiikkaa, deittailua, ystävyyssuhteita, tai haluat vain lopettaa sen äänen päässäsi joka analysoi kaiken liikaa, minä autan sinua.
Uusia videoita joka viikko, jotka auttavat sinua ymmärtämään ihmisiä (itsesi mukaan lukien) ilman psykologian tutkintoa. Tilaa jos olet valmis nostamaan ihmistaitojasi seuraavalle tasolle samalla kun katsot tikku-ukkojen selittävän elämää!"
UC7IZjtoKFmgE4f2UnWBUjaA,fil_PH,Social ni Jamie,"Naramdaman mo na ba na mas komplikado pa ang mga social stuff kaysa sa kailangan? Pareho tayo! Ako si Jamie, at ang channel na ito ay nagpapaliwanag ng lahat ng mga hindi nakasulat na patakaran ng pakikipag-ugnayan sa tao gamit ang stick figures (bakit pa natin pahihirapan pa lalo?). Walang jargon o mga malabong teorya dito—mga tuwiran lang na tips sa pag-handle ng mga awkward na usapan, pagbuo ng mas magandang relationships, at pag-unawa kung bakit ginagawa natin ang mga kakaibang bagay na ginagawa natin. Kung sinusubukan mong mag-navigate sa office politics, dating, friendships, o gusto mo lang na tumigil yung boses sa ulo mo na sobrang nag-a-analyze ng lahat, saklaw kita. May mga bagong video bawat linggo na makakatulong sa'yo na maintindihan ang mga tao (kasama ka na) nang hindi na kailangan ng psychology degree. Mag-subscribe kung ready ka nang i-level up ang people skills mo habang nanonood ng stick figures na nagpapaliwanag ng buhay!"
UC7IZjtoKFmgE4f2UnWBUjaA,fr_CA,Jamie Social,"Tu as déjà eu l'impression que les affaires sociales sont ben plus compliquées qu'elles devraient l'être? Moi itou!
Je suis Jamie, pis cette chaîne décortique toutes ces règles non écrites de l'interaction humaine en utilisant des bonshommes allumettes (pourquoi compliquer les choses encore plus?).
Pas de jargon ou de théories flafla icitte—juste des conseils straight à point pour dealer avec des conversations awkward, bâtir de meilleures relations, pis comprendre pourquoi on fait les affaires bizarres qu'on fait.
Que tu essaies de naviguer la politique de bureau, le dating, les amitiés, ou tu veux juste arrêter cette voix dans ta tête qui overanalyse toute, je te couvre.
Des nouvelles vidéos à chaque semaine qui vont t'aider à faire du sens avec le monde (toi inclus) sans avoir besoin d'un degré en psychologie. Abonne-toi si t'es prêt à level up tes people skills en regardant des bonshommes allumettes expliquer la vie!"
UC7IZjtoKFmgE4f2UnWBUjaA,fr_FR,Jamie Social,"Vous avez déjà l'impression que les interactions sociales sont bien plus compliquées qu'elles ne devraient l'être ? Moi aussi !
Je m'appelle Jamie, et cette chaîne décortique toutes ces règles non-écrites des relations humaines à l'aide de bonshommes allumettes (parce que pourquoi compliquer davantage les choses ?).
Pas de jargon ni de théories pompeuses ici—juste des conseils simples pour gérer les conversations gênantes, construire de meilleures relations, et comprendre pourquoi nous faisons ces choses bizarres que nous faisons.
Que vous essayiez de naviguer dans les politiques de bureau, les rendez-vous amoureux, les amitiés, ou que vous vouliez simplement faire taire cette voix dans votre tête qui sur-analyse tout.
Nouvelles vidéos chaque semaine qui vous aideront à comprendre les gens (y compris vous-même) sans avoir besoin d'un diplôme en psychologie. Abonnez-vous si vous êtes prêt à améliorer vos compétences sociales tout en regardant des bonshommes allumettes expliquer la vie !"
UC7IZjtoKFmgE4f2UnWBUjaA,gl_ES,Social con Jamie,"Algunha vez sentiches que as cousas sociais son moito máis complicadas do que deberían ser? A min tamén me pasa!
Son Jamie, e este canal descompón todas esas regras non escritas da interacción humana usando figuras de paus (porque para que complicar máis as cousas?).
Aquí non hai xerga nin teorías rebuscadas—só consellos directos para xestionar conversas incómodas, construír mellores relacións e entender por que facemos as cousas raras que facemos.
Tanto se estás tentando navegar polas políticas de oficina, citas, amizades, ou simplemente queres parar esa voz na túa cabeza que analiza todo en exceso, eu cóbrote.
Novos vídeos cada semana que che axudarán a entender a xente (incluíndote a ti) sen necesidade dun título en psicoloxía. Subscríbete se estás preparado para subir de nivel as túas habilidades sociais mentres miras figuras de paus explicando a vida!"
UC7IZjtoKFmgE4f2UnWBUjaA,gu_IN,જેમી સોશિયલ,"શું કદી એવું લાગ્યું છે કે સામાજિક વસ્તુઓ જરૂરી હોય તેના કરતાં વધુ જટિલ છે? મને પણ એવું જ લાગે છે!
હું જેમી છું, અને આ ચેનલ માનવીય ક્રિયાપ્રતિક્રિયાના તે તમામ અલિખિત નિયમોને સ્ટિક ફિગર્સનો ઉપયોગ કરીને સમજાવે છે (કારણ કે વધુ જટિલ કેમ બનાવવું?).
અહીં કોઈ કારગુજરી કે ફુલાવદાર સિદ્ધાંતો નથી—માત્ર બેઠકાં વાતચીતનો સામનો કરવા, બહેતર સંબંધો બનાવવા, અને આપણે જે વિચિત્ર વસ્તુઓ કરીએ છીએ તે કેમ કરીએ છીએ તે સમજવા માટે સીધી સલાહ.
તમે ઓફિસ પોલિટિક્સ, ડેટિંગ, મિત્રતા નેવિગેટ કરવાનો પ્રયાસ કરી રહ્યા હો, અથવા તમારા મગજમાં જે અવાજ દરેક વસ્તુનું વધુ પડતું વિશ્લેષણ કરે છે તેને બંધ કરવા માગતા હો, હું તમને મદદ કરીશ.
દર અઠવાડિયે નવા વિડિયો જે તમને સાયકોલોજીની ડિગ્રીની જરૂર વગર લોકોને (તમારી જાતને પણ) સમજવામાં મદદ કરશે. જો તમે સ્ટિક ફિગર્સને જીવન સમજાવતા જોતા જોતા તમારી સામાજિક કુશળતા વધારવા માટે તૈયાર છો તો સબ્સ્ક્રાઇબ કરો!"
UC7IZjtoKFmgE4f2UnWBUjaA,hi_IN,Jamie Social,"आपको भी कभी लगता है कि सामाजिक चीजें जरूरत से ज्यादा जटिल हैं? मुझे भी!
मैं जेमी हूँ, और यह चैनल स्टिक फिगर का उपयोग करके मानवीय बातचीत के उन सभी अलिखित नियमों को समझाता है (क्योंकि चीजों को और अधिक जटिल क्यों बनाएं?).
यहां कोई जटिल शब्दावली या बकवास सिद्धांत नहीं हैं—सिर्फ अजीब बातचीत से निपटने, बेहतर रिश्ते बनाने, और यह समझने के बारे में सीधे टिप्स कि हम वो अजीब चीजें क्यों करते हैं जो हम करते हैं।
चाहे आप ऑफिस की राजनीति, डेटिंग, दोस्ती का सामना कर रहे हों, या बस अपने दिमाग में उस आवाज को शांत करना चाहते हों जो हर चीज का अधिक विश्लेषण करती है, मैं आपके लिए मौजूद हूँ।
हर हफ्ते नए वीडियो जो आपको लोगों (और खुद) को समझने में मदद करेंगे, बिना मनोविज्ञान की डिग्री के। सब्सक्राइब करें अगर आप स्टिक फिगर को जिंदगी समझाते देखते हुए अपने सामाजिक कौशल को बेहतर बनाने के लिए तैयार हैं!"
UC7IZjtoKFmgE4f2UnWBUjaA,hr_HR,Jamie Društveno,"Osjećate li se ikad kao da su društvene stvari puno komplicirane nego što trebaju biti? I ja isto!

Ja sam Jamie, i ovaj kanal objašnjava sva ta nepisana pravila ljudske interakcije koristeći štapiće (jer zašto dodatno komplicirati stvari?).

Ovdje nema žargona ili naduvanih teorija—samo jednostavni savjeti za rješavanje neugodnih razgovora, izgradnju boljih odnosa i razumijevanje zašto radimo čudne stvari koje radimo.

Bez obzira pokušavate li se snaći u uredskoj politici, ljubavnim vezama, prijateljstvima, ili samo želite zaustaviti taj glas u glavi koji previše analizira sve, pokrit ću vas.

Novi videi svaki tjedan koji će vam pomoći da razumijete ljude (uključujući sebe) bez potrebe za diplomom iz psihologije. Pretplatite se ako ste spremni unaprijediti svoje društvene vještine dok gledate štapiće kako objašnjavaju život!"
UC7IZjtoKFmgE4f2UnWBUjaA,hu_HU,Szociális Jamie,"Volt már olyan érzésed, hogy a társasági dolgok sokkal bonyolultabbak, mint kellene lennie? Nekem is!
Jamie vagyok, és ez a csatorna lebontja az emberi interakció összes leíratlan szabályát pálcikaemberek segítségével (mert miért bonyolítsuk tovább a dolgokat?).
Itt nincs szakzsargon vagy légből kapott elméletek—csak egyértelmű tippek a kínos beszélgetések kezelésére, jobb kapcsolatok építésére, és annak megértésére, hogy miért csináljuk azokat a furcsa dolgokat, amiket csinálunk.
Akár az irodai politikában próbálsz eligazodni, a randizásban, barátságokban, vagy csak meg akarod állítani azt a hangot a fejedben, ami mindent túlanaliz, fedeztelek.
Új videók minden héten, amik segítenek megérteni az embereket (beleértve téged is) anélkül, hogy pszichológia diplomára lenne szükséged. Iratkozz fel, ha készen állsz a szociális készségeid fejlesztésére, miközben pálcikaembereket nézel az élet magyarázatával!"
UC7IZjtoKFmgE4f2UnWBUjaA,hy_AM,Ջեյմի Սոցիալ,"Երբեւէ զգացե՞լ ես, որ սոցիալական բանը շատ ավելի բարդ է, քան պետք է լինի: Ես էլ նույնը:
Ես Ջեյմին եմ, եւ այս ալիքը բացատրում է մարդկային շփման բոլոր այն անգրված կանոնները՝ օգտագործելով막대기 մարդկանց (որովհետեւ ինչո՞ւ ավելի բարդացնել):
Այստեղ ոչ մի ժարգոն կամ փափուկ տեսություն չկա՝ միայն ուղիղ խորհուրդներ անկուշտ զրույցների հետ գործ ունենալու, ավելի լավ հարաբերություններ կառուցելու եւ հասկանալու համար, թե ինչու ենք տարօրինակ բաներ անում:
Անկախ նրանից, թե փորձում ես նավիգացիա անել գրասենյակային քաղաքականությունում, հանդիպումներում, բարեկամությունում, թե պարզապես ուզում ես դադարեցնել գլխիդ մեջ այն ձայնը, որը ամեն ինչ գերվերլուծում է, ես քեզ հետ եմ:
Ամեն շաբաթ նոր տեսանյութեր, որոնք կօգնեն քեզ հասկանալ մարդկանց (ներառյալ քեզ) առանց հոգեբանության աստիճանի: Բաժանորդագրվիր, եթե պատրաստ ես բարձրացնել քո մարդկային հմտությունները՝ դիտելով, թե ինչպես են막대기 մարդիկ բացատրում կյանքը:"
UC7IZjtoKFmgE4f2UnWBUjaA,id_ID,Jamie Sosial,"Pernah merasa kalau hal-hal sosial itu jauh lebih rumit dari yang seharusnya? Sama kok!
Saya Jamie, dan channel ini memecah semua aturan tidak tertulis dari interaksi manusia menggunakan stick figures (kenapa harus bikin lebih rumit lagi?).
Tidak ada jargon atau teori yang berbelit-belit di sini—hanya tips langsung untuk menghadapi percakapan yang awkward, membangun hubungan yang lebih baik, dan memahami kenapa kita melakukan hal-hal aneh yang kita lakukan.
Entah kamu sedang mencoba menavigasi politik kantor, dating, persahabatan, atau cuma ingin menghentikan suara di kepala yang terlalu banyak menganalisis segala hal, saya akan bantu kamu.
Video baru setiap minggu yang akan membantu kamu memahami orang-orang (termasuk diri sendiri) tanpa perlu gelar psikologi. Subscribe kalau kamu siap untuk level up kemampuan sosial sambil nonton stick figures menjelaskan hidup!"
UC7IZjtoKFmgE4f2UnWBUjaA,is_IS,Jamie Félagslegur,"Hefur þér einhvern tíma fundist eins og félagslegir hlutir séu miklu flóknari en þeir þurfa að vera? Mér líka!
Ég er Jamie, og þessi rás brýtur niður öll þessi óskrifuðu lögmál mannlegra samskipta með því að nota strikafígúrur (af hverju að flækja málin enn frekar?).
Ekkert flókið orðaforði eða loftkennd kenning hér—bara beinlínis ráðleggingar um að takast á við klaufaleg samtöl, byggja betri sambönd, og skilja af hverju við gerum þessa skrítnu hluti sem við gerum.
Hvort sem þú ert að reyna að sigla um skrifstofupólitík, stefnumót, vináttutengsl, eða vilt bara stoppa þá rödd í höfðinu þínu sem greinir allt of mikið, þá er ég búinn að dekka þig.
Ný myndbönd í hverri viku sem hjálpa þér að skilja fólk (þig sjálvan meðtalinn) án þess að þurfa gráðu í sálfræði. Gerðu áskrift ef þú ert tilbúinn að hækka félagsfærni þína á meðan þú horfir á strikafígúrur útskýra lífið!"
UC7IZjtoKFmgE4f2UnWBUjaA,it_IT,Jamie Sociale,"Ti è mai capitato di sentire che le cose sociali sono molto più complicate di quanto dovrebbero essere? Anche a me!
Sono Jamie, e questo canale scompone tutte quelle regole non scritte dell'interazione umana usando omini stilizzati (perché complicare ulteriormente le cose?).
Niente gergo o teorie astruse qui—solo consigli diretti per gestire conversazioni imbarazzanti, costruire relazioni migliori, e capire perché facciamo le cose strane che facciamo.
Che tu stia cercando di navigare la politica dell'ufficio, gli appuntamenti, le amicizie, o semplicemente vuoi fermare quella voce nella tua testa che analizza troppo tutto, ti copro io.
Nuovi video ogni settimana che ti aiuteranno a capire le persone (te stesso incluso) senza aver bisogno di una laurea in psicologia. Iscriviti se sei pronto a migliorare le tue competenze sociali guardando omini stilizzati spiegare la vita!"
UC7IZjtoKFmgE4f2UnWBUjaA,iw_IL,ג'יימי חברתי,"אי פעם הרגשתם שעניינים חברתיים הרבה יותר מסובכים ממה שהם צריכים להיות? גם אני!
אני ג'יימי, והערוץ הזה מפרק את כל הכללים הלא כתובים של אינטראקציה אנושית באמצעות דמויות מקלות (כי למה לסבך את העניינים עוד יותר?).
אין כאן ז'רגון או תיאוריות נפוחות—רק טיפים ישירים להתמודדות עם שיחות מביכות, בניית מערכות יחסים טובות יותר, והבנה למה אנחנו עושים את הדברים המוזרים שאנחנו עושים.
בין אם אתם מנסים לנווט בפוליטיקה של המשרד, דייטים, חברויות, או סתם רוצים לעצור את הקול הזה בראש שלכם שמנתח הכל יותר מדי, אני מכסה אתכם.
סרטונים חדשים כל שבוע שיעזרו לכם להבין אנשים (כולל את עצמכם) בלי שתצטרכו תואר בפסיכולוגיה. עשו מנוי אם אתם מוכנים לשדרג את הכישורים החברתיים שלכם תוך כדי צפייה בדמויות מקלות שמסבירות את החיים!"
UC7IZjtoKFmgE4f2UnWBUjaA,ja_JP,ジェイミー ソーシャル,"社交的なことって必要以上に複雑すぎると感じたことありませんか？私も同感です！
私はジェイミーです。このチャンネルでは、棒人間を使って人間関係の暗黙のルールを分かりやすく解説します（これ以上複雑にする必要ないですからね）。
専門用語や曖昧な理論はありません。気まずい会話への対処法、より良い人間関係の築き方、なぜ私たちが変なことをするのかを理解するための、シンプルで実用的なアドバイスだけです。
職場の政治、デート、友情関係をうまく乗り切りたい方、または頭の中で何でも考えすぎてしまう声を止めたい方、私がサポートします。
心理学の学位がなくても人々（自分自身も含めて）を理解できるよう、毎週新しい動画をお届けします。棒人間が人生について説明するのを見ながら、コミュニケーション能力を向上させる準備ができたら、チャンネル登録してください！"
UC7IZjtoKFmgE4f2UnWBUjaA,ka_GE,ჯეიმი სოშიალ,"ოდესმე გქონიათ შეგრძნება, რომ სოციალური საკითხები ბევრად უფრო რთულია, ვიდრე უნდა იყოს? მეც ასე ვფიქრობ!
მე ვარ ჯეიმი, და ეს არხი ანალიზს უკეთებს ადამიანთა ურთიერთობის ყველა იმ დაუწერელ წესს, ჩხირების გამოყენებით (რატომ უნდა კიდევ უფრო გავართულოთ?).
აქ არ არის ჟარგონი ან ბუნდოვანი თეორიები—მხოლოდ პირდაპირი რჩევები უხერხული საუბრების გასამკლავებლად, უკეთესი ურთიერთობების ასაშენებლად და იმის გასაგებად, თუ რატომ ვაკეთებთ უცნაურ რამეებს, რასაც ვაკეთებთ.
იქნება ცდილობთ ოფისის პოლიტიკაში ნავიგაციას, დეიტინგს, მეგობრობას, თუ უბრალოდ გსურთ შეაჩეროთ ის ხმა თავში, რომელიც ყველაფერს ზედმეტად აანალიზებს, მე დაგეხმარებით.
ყოველ კვირას ახალი ვიდეოები, რომლებიც დაგეხმარებათ გაიგოთ ადამიანები (თქვენი ჩათვლით) ფსიქოლოგიის ხარისხის გარეშე. გამოიწერეთ, თუ მზად ხართ ამაღლდეთ თქვენი სოციალური უნარები, ჩხირების ცხოვრების ახსნის ყურებისას!"
UC7IZjtoKFmgE4f2UnWBUjaA,kk_KZ,Джейми әлеуметтік,"Әлеуметтік заттар қажетінен артық күрделі сияқты сезінесіз бе? Мен де солай!
Мен Джеймимін, және бұл арна адамдардың өзара қарым-қатынасының жазылмаған ережелерін таяқша фигуралармен түсіндіреді (неге одан да күрделендіру керек?).
Мұнда ешқандай арнайы терминдер немесе сұйық теориялар жоқ — тек ыңғайсыз әңгімелерді шешу, жақсы қарым-қатынас орнату және біз неге ерекше заттарды істейтінімізді түсіну туралы тікелей кеңестер.
Кеңсе саясатын, танысуды, достықты басқаруға тырысып жатсаңыз, немесе бас миыңыздағы бәрін талдайтын дауысты тоқтатқыңыз келсе, мен сізге көмектесемін.
Адамдарды (оның ішінде өзіңізді) психология дипломынсыз түсінуге көмектесетін жаңа видеолар әр апта шығады. Таяқша фигуралар өмірді түсіндіргенде адамдармен жұмыс істеу дағдыларыңызды жақсартуға дайын болсаңыз, жазылыңыз!"
UC7IZjtoKFmgE4f2UnWBUjaA,km_KH,ជេមី សូស្យល,"តើអ្នកធ្លាប់មានអារម្មណ៍ថារឿងសង្គមស្មុគស្មាញជាងអ្វីដែលវាគួរតែជាទេ? ខ្ញុំក៏ដូចគ្នាដែរ!
ខ្ញុំឈ្មោះ Jamie ហើយឆានែលនេះពន្យល់ច្បាប់មិនបានសរសេរទាំងអស់នៃការទំនាក់ទំនងរបស់មនុស្សដោយប្រើរូបចំលាក់ (ពីព្រោះហេតុអ្វីត្រូវធ្វើឱ្យស្មុគស្មាញបន្ថែមទៀត?)។
គ្មានពាក្យបច្ចេកទេសឬទ្រឹស្តីទន់ស្រាលនៅទីនេះទេ—គ្រាន់តែគន្លឹះត្រង់ៗអំពីការដោះស្រាយការសន្ទនាចម្លែក ការកសាងទំនាក់ទំនងល្អប្រសើរ និងការយល់ដឹងថាហេតុអ្វីបានជាយើងធ្វើរឿងចម្លែកៗ។
មិនថាអ្នកកំពុងព្យាយាមរុករកនយោបាយការិយាល័យ ការណាត់ជួប មិត្តភាព ឬគ្រាន់តែចង់បញ្ឈប់សំឡេងនៅក្នុងក្បាលដែលវិភាគលើសលុប ខ្ញុំបានគ្រប់ដណ្តប់អ្នក។
វីដេអូថ្មីរៀងរាល់សប្តាហ៍ដែលនឹងជួយអ្នកយល់ដឹងអំពីមនុស្ស (រួមទាំងខ្លួនអ្នកផងដែរ) ដោយមិនចាំបាច់មានសញ្ញាបត្រចិត្តវិទ្យា។ ចុះឈ្មោះបើអ្នករៀបចំរុករកជំនាញមនុស្សរបស់អ្នកខណៈពេលមើលរូបចំលាក់ពន្យល់អំពីជីវិត!"
UC7IZjtoKFmgE4f2UnWBUjaA,kn_IN,ಜೇಮಿ ಸೋಶಿಯಲ್,"ಸಾಮಾಜಿಕ ವಿಷಯಗಳು ಅಗತ್ಯಕ್ಕಿಂತ ಹೆಚ್ಚು ಸಂಕೀರ್ಣವಾಗಿವೆ ಎಂದು ಎಂದಾದರೂ ಅನಿಸಿದೆಯೇ? ನನಗೂ ಅದೇ ಅನಿಸುತ್ತದೆ!
ನಾನು ಜೇಮಿ, ಮತ್ತು ಈ ಚಾನೆಲ್ ಸ್ಟಿಕ್ ಫಿಗರ್‌ಗಳನ್ನು ಬಳಸಿ ಮಾನವೀಯ ಸಂವಾದದ ಎಲ್ಲಾ ಅಲಿಖಿತ ನಿಯಮಗಳನ್ನು ವಿಶ್ಲೇಷಿಸುತ್ತದೆ (ವಿಷಯಗಳನ್ನು ಇನ್ನಷ್ಟು ಸಂಕೀರ್ಣಗೊಳಿಸುವ ಅಗತ್ಯವೇನು?).
ಇಲ್ಲಿ ಯಾವುದೇ ಪರಿಭಾಷೆ ಅಥವಾ ಗಾಳಿಯ ಸಿದ್ಧಾಂತಗಳಿಲ್ಲ—ಕೇವಲ ವಿಚಿತ್ರ ಸಂಭಾಷಣೆಗಳನ್ನು ನಿಭಾಯಿಸಲು, ಉತ್ತಮ ಸಂಬಂಧಗಳನ್ನು ನಿರ್ಮಿಸಲು, ಮತ್ತು ನಾವು ಏಕೆ ವಿಚಿತ್ರ ಕೆಲಸಗಳನ್ನು ಮಾಡುತ್ತೇವೆ ಎಂಬುದನ್ನು ಅರ್ಥಮಾಡಿಕೊಳ್ಳಲು ನೇರವಾದ ಸಲಹೆಗಳು.
ನೀವು ಕಛೇರಿ ರಾಜಕೀಯ, ಡೇಟಿಂಗ್, ಸ್ನೇಹ ಸಂಬಂಧಗಳನ್ನು ನ್ಯಾವಿಗೇಟ್ ಮಾಡಲು ಪ್ರಯತ್ನಿಸುತ್ತಿರಲಿ, ಅಥವಾ ಎಲ್ಲವನ್ನೂ ಅತಿಯಾಗಿ ವಿಶ್ಲೇಷಿಸುವ ನಿಮ್ಮ ತಲೆಯಲ್ಲಿನ ಧ್ವನಿಯನ್ನು ನಿಲ್ಲಿಸಲು ಬಯಸುತ್ತಿರಲಿ, ನಾನು ನಿಮಗೆ ಸಹಾಯ ಮಾಡುತ್ತೇನೆ.
ಮನೋವಿಜ್ಞಾನ ಪದವಿಯ ಅಗತ್ಯವಿಲ್ಲದೆ ಜನರನ್ನು (ನಿಮ್ಮನ್ನು ಸೇರಿ) ಅರ್ಥಮಾಡಿಕೊಳ್ಳಲು ಸಹಾಯ ಮಾಡುವ ಹೊಸ ವೀಡಿಯೊಗಳು ಪ್ರತಿ ವಾರ. ಸ್ಟಿಕ್ ಫಿಗರ್‌ಗಳು ಜೀವನವನ್ನು ವಿವರಿಸುವುದನ್ನು ನೋಡುತ್ತಾ ನಿಮ್ಮ ಸಾಮಾಜಿಕ ಕೌಶಲ್ಯಗಳನ್ನು ಹೆಚ್ಚಿಸಲು ಸಿದ್ಧರಾಗಿದ್ದರೆ ಸಬ್‌ಸ್ಕ್ರೈಬ್ ಮಾಡಿ!"
UC7IZjtoKFmgE4f2UnWBUjaA,ko_KR,제이미 소셜,"사회적인 일들이 필요 이상으로 복잡하게 느껴진 적 있나요? 저도 마찬가지예요!
저는 제이미이고, 이 채널은 막대기 인형을 사용해서 인간관계의 암묵적인 규칙들을 쉽게 설명합니다 (왜 더 복잡하게 만들겠어요?).
전문용어나 복잡한 이론은 없어요—그냥 어색한 대화를 처리하고, 더 나은 관계를 만들고, 우리가 왜 이상한 행동을 하는지 이해하는 직접적인 팁들만 있습니다.
직장 정치, 연애, 우정을 헤쳐나가려고 하든, 아니면 그냥 머릿속에서 모든 걸 과도하게 분석하는 목소리를 멈추고 싶든, 제가 도와드릴게요.
심리학 학위 없이도 사람들을 (자신 포함해서) 이해하는데 도움이 될 새 영상을 매주 올립니다. 막대기 인형이 인생을 설명하는 걸 보면서 대인관계 스킬을 업그레이드할 준비가 되셨다면 구독하세요!"
UC7IZjtoKFmgE4f2UnWBUjaA,ky_KG,Жейми социалдык,"Коомдук иштер керектүүдөн да татаал сезилген учурлар болобу? Мен да ошондой!
Мен Жеймимин, бул канал адамдардын ортосундагы жазылбаган эрежелерди таякча адамчалар аркылуу түшүндүрөт (эмне үчүн дагы татаалдаштыруу керек?).
Бул жерде эч кандай термин же куурчак теориялар жок — жөн гана ыңгайсыз маектерди чечүү, мамилелерди жакшыртуу жана биз эмне үчүн кызыктуу иштерди кылганыбызды түшүнүү боюнча түз кеңештер.
Кеңседеги саясатты, сүйлөшүүнү, достукту башкарууга аракет кылып жатасызбы же жөн гана башыңыздагы баарын ашыкча талдаган добушту токтотууну кааласаңыз, мен жардам берем.
Психология дипломунсуз эле адамдарды (өзүңүздү кошо алганда) түшүнүүгө жардам берген жаңы видеолорду ар жума чыгарабыз. Таякча адамчалар жашоону түшүндүргөндө адамдар менен иштөө көндүмдөрүңүздү жогорулатууга даярсаңыз, жазылыңыз!"
UC7IZjtoKFmgE4f2UnWBUjaA,lo_LA,ເຈມີ ໂຊເຊຍລ,"ເຄີຍຮູ້ສຶກວ່າເລື່ອງສັງຄົມສັບສົນເກີນຄວາມຈຳເປັນບໍ? ຂ້ອຍກໍຄືກັນ!
ຂ້ອຍຊື່ Jamie ແລະຊ່ອງນີ້ອະທິບາຍກົດລະບຽບທີ່ບໍ່ໄດ້ຂຽນໄວ້ທັງໝົດຂອງການມີປະຕິສຳພັນລະຫວ່າງຄົນໂດຍໃຊ້ຮູບແທ່ງໄຜ້ (ເພາະວ່າເປັນຫຍັງຕ້ອງເຮັດໃຫ້ສັບສົນກວ່ານີ້?)
ບໍ່ມີຄຳສັບສະເພາະ ຫຼື ທິດສະດີໜ້ວຍໜັກຢູ່ທີ່ນີ້—ພຽງແຕ່ຄຳແນະນຳກົງໄປກົງມາໃນການຈັດການກັບການສົນທະນາທີ່ອຶດອັດ ສ້າງຄວາມສຳພັນທີ່ດີກວ່າ ແລະ ເຂົ້າໃຈວ່າເປັນຫຍັງເຮົາຈຶ່ງເຮັດສິ່ງແປກໆ
ບໍ່ວ່າທ່ານຈະພະຍາຍາມແກ້ໄຂການເມືອງໃນຫ້ອງການ ການຫາຄູ່ ມິດຕະພາບ ຫຼື ພຽງແຕ່ຢາກໃຫ້ສຽງໃນຫົວທີ່ວິເຄາະເກີນໄປຢຸດ ຂ້ອຍມີໃຫ້ທ່ານ
ວິດີໂອໃໝ່ທຸກອາທິດທີ່ຈະຊ່ວຍໃຫ້ທ່ານເຂົ້າໃຈຄົນ (ລວມທັງຕົວທ່ານເອງ) ໂດຍບໍ່ຕ້ອງມີປະລິນຍາຈິດຕະວິທະຍາ! ສະໝັກຫາກທ່ານພ້ອມຈະຍົກລະດັບທັກສະການມີປະຕິສຳພັນໃນຂະນະທີ່ເບິ່ງຮູບແທ່ງໄຜ້ອະທິບາຍຊີວິດ!"
UC7IZjtoKFmgE4f2UnWBUjaA,lt_LT,Džeimis Socialus,"Ar kada nors jautėtės, kad socialiniai dalykai daug sudėtingesni nei turėtų būti? Aš irgi!
Aš esu Jamie, ir šis kanalas paaiškina visas tas nerašytas žmonių sąveikos taisykles naudodamas pagaliukų žmogeliukus (kam dar labiau komplikuoti?).
Čia nėra jokio žargono ar pūkuotų teorijų—tik tiesūs patarimai, kaip susidoroti su nepatogiais pokalbiais, kurti geresnius santykius ir suprasti, kodėl darome keistus dalykus.
Nesvarbu, ar bandote navigaciją biuro politikoje, pasimatymuose, draugystėje, ar tiesiog norite sustabdyti tą balsą galvoje, kuris viską per daug analizuoja—aš jums padėsiu.
Nauji vaizdo įrašai kiekvieną savaitę, kurie padės jums suprasti žmones (įskaitant save) be psichologijos diplomo. Prenumeruokite, jei esate pasirengę pagerinti savo bendravimo įgūdžius žiūrėdami, kaip pagaliukų žmogeliukai paaiškina gyvenimą!"
UC7IZjtoKFmgE4f2UnWBUjaA,lv_LV,Džeimijs Sociāls,"Vai jums kādreiz ir likies, ka sociālās lietas ir daudz sarežģītākas nekā vajadzētu? Man arī!
Es esmu Džeimijs, un šis kanāls izskaidro visus tos nerakstītos cilvēku mijiedarbības noteikumus, izmantojot nūjiņu figūriņas (kāpēc to vēl vairāk sarežģīt?).
Te nav nekāda žargona vai pūkainu teoriju—tikai tiešas padomas, kā tikt galā ar neveiklām sarunām, veidot labākas attiecības un saprast, kāpēc mēs darām dīvainas lietas.
Vai nu cenšaties orientēties biroja politikā, randēšanā, draudzībā, vai vienkārši vēlaties apklusināt to balsi galvā, kas visu pārlieku analizē—es jums palīdzēšu.
Jauni video katru nedēļu, kas palīdzēs jums saprast cilvēkus (ieskaitot sevi) bez psiholoģijas grāda. Abonējiet, ja esat gatavi uzlabot savas sociālās prasmes, vērojot, kā nūjiņu figūriņas izskaidro dzīvi!"
UC7IZjtoKFmgE4f2UnWBUjaA,mk_MK,Džejmi Socijalen,"Дали некогаш чувствувате дека социјалните работи се многу покомплицирани отколку што треба да бидат? И јас исто!
Јас сум Џејми, и овој канал ги објаснува сите тие ненапишани правила на човечката интеракција користејќи стапчести фигури (зошто да ги комплицираме работите уште повеќе?).
Тука нема жаргон или меки теории—само директни совети за справување со незгодни разговори, градење подобри односи и разбирање зошто правиме чудни работи.
Без разлика дали се обидувате да навигирате низ канцелариската политика, забавувањето, пријателствата, или само сакате да го сопрете тој глас во главата што сè преанализира, јас сум тука за вас.
Нови видеа секоја недела што ќе ви помогнат да ги разберете луѓето (вклучувајќи се и себе) без да имате диплома по психологија. Претплатете се ако сте спремни да ги подобрите вашите социјални вештини додека гледате стапчести фигури што го објаснуваат животот!"
UC7IZjtoKFmgE4f2UnWBUjaA,ml_IN,ജെയിമി സോഷ്യൽ,"സാമൂഹിക കാര്യങ്ങൾ ആവശ്യത്തിലും കൂടുതൽ സങ്കീർണ്ണമായി തോന്നിയിട്ടുണ്ടോ? എനിക്കും അങ്ങനെ തന്നെ!
ഞാൻ ജെയിമിയാണ്, ഈ ചാനൽ മനുഷ്യ ഇടപെടലുകളുടെ എഴുതപ്പെടാത്ത നിയമങ്ങളെല്ലാം വടി രൂപങ്ങൾ ഉപയോഗിച്ച് വിശദീകരിക്കുന്നു (എന്തിന് കൂടുതൽ സങ്കീർണ്ണമാക്കണം?).
ഇവിടെ പ്രത്യേക പദങ്ങളോ മയമുള്ള സിദ്ധാന്തങ്ങളോ ഇല്ല—വിചിത്രമായ സംഭാഷണങ്ങൾ കൈകാര്യം ചെയ്യുന്നതിനും മികച്ച ബന്ധങ്ങൾ വളർത്തുന്നതിനും നമ്മൾ എന്തിന് വിചിത്രമായ കാര്യങ്ങൾ ചെയ്യുന്നുവെന്ന് മനസ്സിലാക്കുന്നതിനുമുള്ള നേരിട്ടുള്ള നുറുങ്ങുകൾ മാത്രം.
ഓഫീസ് രാഷ്ട്രീയം, ഡേറ്റിംഗ്, സൗഹൃദം എന്നിവയിൽ നാവിഗേറ്റ് ചെയ്യാൻ ശ്രമിക്കുകയാണോ അതോ തലയിൽ എല്ലാം അമിതമായി വിശകലനം ചെയ്യുന്ന ശബ്ദം നിർത്താൻ ആഗ്രഹിക്കുന്നുവോ, ഞാൻ നിങ്ങളെ സഹായിക്കും.
സൈക്കോളജി ബിരുദം ഇല്ലാതെ തന്നെ ആളുകളെ (നിങ്ങളുൾപ്പെടെ) മനസ്സിലാക്കാൻ സഹായിക്കുന്ന പുതിയ വീഡിയോകൾ ഓരോ ആഴ്ചയും! വടി രൂപങ്ങൾ ജീവിതം വിശദീകരിക്കുന്നത് കാണുമ്പോൾ നിങ്ങളുടെ ആളുകളുമായുള്ള കഴിവുകൾ മെച്ചപ്പെടുത്താൻ തയ്യാറാണെങ്കിൽ സബ്‌സ്‌ക്രൈബ് ചെയ്യൂ!"
UC7IZjtoKFmgE4f2UnWBUjaA,mn_MN,Жэйми Сошиал,"Нийгмийн асуудлууд шаардлагатайгаасаа илүү төвөгтэй санагддаг уу? Би ч мөн адил!
Би Жэйми, энэ суваг нь хүний харилцааны бичигдээгүй дүрмүүдийг саваа зургаар тайлбарладаг (яагаад дахиад төвөгтэй болгох хэрэгтэй гэж?).
Энд ямар ч тухайн салбарын хэл эсвэл дэмий онол байхгүй—зөвхөн тааламжгүй яриаг даван туулах, сайн харилцаа тогтоох, бид яагаад хачирхалтай зүйл хийдгийг ойлгоход туслах шууд зөвлөгөө.
Та албан газрын улс төр, болзоо, найз нөхөрлөлд замаа олохыг хичээж байгаа эсвэл толгойд байгаа бүх зүйлийг хэт их дүн шинжилгээ хийдэг дуу хоолойг зогсоохыг хүсэж байгаа эсэх нь хамаагүй, би танд туслах болно.
Сайн бүр шинэ видео гарч, танд сэтгэл зүйн зэрэг авах шаардлагагүйгээр хүмүүсийг (өөрийгөө багтаасан) ойлгоход тусална. Саваа зургийг амьдралыг тайлбарлахыг үзэн хүний харилцааны ур чадвараа дээшлүүлэхэд бэлэн бол захиалаарай!"
UC7IZjtoKFmgE4f2UnWBUjaA,mr_IN,जेमी सोशल,"कधी असं वाटतं का की सामाजिक गोष्टी जितक्या गरजेच्या आहेत त्यापेक्षा जास्त गुंतागुंतीच्या आहेत? माझ्याशी सुद्धा तसंच!
मी जेमी आहे, आणि हा चॅनेल स्टिक फिगर वापरून मानवी संवादाचे सारे अलिखित नियम समजावून सांगतो (कारण गोष्टी आणखी गुंतागुंतीच्या का करायच्या?).
इथे कोणतीही कठीण भाषा किंवा फुशारकी सिद्धांत नाहीत—फक्त अस्ताव्यस्त संभाषणांना सामोरे जाण्यासाठी, चांगले नातेसंबंध बांधण्यासाठी, आणि आपण विचित्र गोष्टी का करतो हे समजून घेण्यासाठी सरळ टिप्स.
तुम्ही ऑफिसच्या राजकारणात, डेटिंगमध्ये, मैत्रीत नेव्हिगेट करण्याचा प्रयत्न करत असाल किंवा तुमच्या डोक्यातील सगळं जास्तीचं विश्लेषण करणारा आवाज थांबवायचा असेल, मी तुमच्या मदतीसाठी आहे.
दर आठवड्याला नवीन व्हिडिओ जे तुम्हाला मानसशास्त्राची पदवी न घेता लोकांना (तुमच्यासह) समजून घेण्यास मदत करतील. जर तुम्ही स्टिक फिगरांना जीवन समजावताना बघत तुमची लोकसंपर्क कुशलता वाढवायला तयार असाल तर सबस्क्राइब करा!"
UC7IZjtoKFmgE4f2UnWBUjaA,ms_MY,Jamie Sosial,"Pernah rasa macam benda-benda sosial ni lagi rumit daripada yang patut ke? Sama la!
Saya Jamie, dan saluran ni pecahkan semua peraturan tak bertulis dalam interaksi manusia guna watak batang kayu (kenapa nak komplikasi lagi kan?).
Takde jargon atau teori pelik-pelik kat sini—cuma tips terus terang untuk handle perbualan awkward, bina hubungan yang lebih baik, dan faham kenapa kita buat benda pelik-pelik.
Sama ada korang tengah cuba navigate politik pejabat, dating, persahabatan, atau just nak stop suara dalam kepala yang over-analyze semua benda, saya ada untuk korang.
Video baru setiap minggu yang akan bantu korang faham orang lain (termasuk diri sendiri) tanpa perlu ada ijazah psikologi. Subscribe kalau korang ready nak upgrade people skills sambil tengok watak batang kayu explain pasal hidup!"
UC7IZjtoKFmgE4f2UnWBUjaA,my_MM,Jamie လူမှုရေး,လူမှုရေးကိစ္စတွေက လိုအပ်သည်ထက် ပိုရှုပ်ထွေးနေသလို ခံစားဖူးလား? ကျွန်တော်လည်း ထိုအတူပဲ! ကျွန်တော် Jamie ပါ၊ ဒီချန်နယ်က လူသားတို့ရဲ့ အပြန်အလှန်ဆက်ဆံမှုမှာ မရေးထားသော စည်းကမ်းတွေကို stick figure တွေသုံးပြီး ရှင်းပြပေးပါတယ် (ဘာကြောင့် နောက်ထပ် ရှုပ်ထွေးအောင် လုပ်ရမှာလဲ?)။ ဒီမှာ ဝေါဟာရတွေ သို့မဟုတ် ဟောင်းနေသော သီအိုရီတွေ မရှိပါဘူး—အဆင်မပြေတဲ့ စကားစမြည်တွေကို ကိုင်တွယ်ခြင်း၊ ပိုကောင်းတဲ့ ဆက်ဆံရေးတွေ တည်ဆောက်ခြင်းနဲ့ ကျွန်တော်တို့ ဘာကြောင့် ထူးဆန်းတဲ့ အရာတွေ လုပ်ကြတာကို နားလည်ခြင်းအတွက် ရိုးရှင်းတဲ့ အကြံပြုချက်တွေပဲ ပေးပါတယ်။ သင်က ရုံးခန်းနိုင်ငံရေး၊ ချစ်သူရှာခြင်း၊ မိတ်ဆွေဖွဲ့ခြင်းတွေကို ကိုင်တွယ်ဖို့ ကြိုးစားနေပါစေ၊ သို့မဟုတ် အရာရာကို အလွန်အကျွံ ခွဲခြမ်းစိတ်ဖြာနေတဲ့ သင့်ဦးခေါင်းထဲက အသံကို ရပ်ချင်နေပါစေ၊ ကျွန်တော် သင့်ကို ကူညီပေးမှာပါ။ လူတွေကို (သင့်ကိုယ်သင်အပါအဝင်) နားလည်ဖို့ စိတ်ပညာဘွဲ့ မလိုအပ်ဘဲ ကူညီပေးမယ့် ဗီဒီယိုအသစ်တွေ တစ်ပတ်တစ်ခါ ရှိပါတယ်။ သင့်ရဲ့ လူတွေနဲ့ ပတ်သက်တဲ့ ကျွမ်းကျင်မှုတွေကို မြှင့်တင်ဖို့ အဆင်သင့်ဖြစ်နေပြီဆိုရင် subscribe လုပ်ပါ!
UC7IZjtoKFmgE4f2UnWBUjaA,nb_NO,Jamie Sosial,"Føler du noen gang at sosiale greier er mye mer kompliserte enn de trenger å være? Samme her!
Jeg er Jamie, og denne kanalen bryter ned alle de uskrevne reglene for menneskelig samhandling ved hjelp av strekfigurer (for hvorfor komplisere ting ytterligere?).
Ingen sjargong eller luftige teorier her—bare enkle tips for å håndtere klemsete samtaler, bygge bedre relasjoner, og forstå hvorfor vi gjør de rare tingene vi gjør.
Enten du prøver å navigere kontorpolitikk, dating, vennskap, eller bare vil stoppe den stemmen i hodet ditt som overanalyserer alt, så har jeg deg dekket.
Nye videoer hver uke som vil hjelpe deg å forstå mennesker (inkludert deg selv) uten å trenge en psykologigrad. Abonner hvis du er klar til å levle opp menneskekunnskapene dine mens du ser på strekfigurer forklare livet!"
UC7IZjtoKFmgE4f2UnWBUjaA,ne_NP,जेमी सोशल,"कहिलेकाहीं सामाजिक कुराहरू आवश्यकताभन्दा धेरै जटिल लाग्छ कि? मलाई पनि त्यस्तै लाग्छ!
म जेमी हुँ, र यो च्यानलले स्टिक फिगर प्रयोग गरेर मानवीय अन्तरक्रियाका ती नलेखिएका नियमहरूलाई सरल बनाउँछ (किन कुराहरूलाई अझै जटिल बनाउने?)।
यहाँ कुनै कठिन शब्दावली वा फोकटका सिद्धान्तहरू छैनन्—केवल अप्ठ्यारो कुराकानीसँग निम्त्याउने, राम्रो सम्बन्ध निर्माण गर्ने, र हामी किन अनौठो कामहरू गर्छौं भन्ने कुरा बुझ्नका लागि सीधा सुझावहरू।
तपाईं अफिसको राजनीति, डेटिङ, मित्रतामा बाटो खोज्ने प्रयास गरिरहनुभएको होस् वा तपाईंको टाउकोमा सबै कुरालाई अति विश्लेषण गर्ने आवाजलाई रोक्न चाहनुहुन्छ भने, म तपाईंका लागि छु।
हरेक हप्ता नयाँ भिडियोहरू जसले तपाईंलाई मनोविज्ञानको डिग्री नचाहिएकन मानिसहरूलाई (आफूलाई समेत) बुझ्न मद्दत गर्नेछ। यदि तपाईं स्टिक फिगरहरूले जीवन व्याख्या गरेको हेरेर आफ्ना मानवीय सीपहरू बढाउन तयार हुनुहुन्छ भने सब्स्क्राइब गर्नुहोस्!"
UC7IZjtoKFmgE4f2UnWBUjaA,nl_NL,Jamie Sociaal,"Heb je wel eens het gevoel dat sociale dingen veel gecompliceerder zijn dan nodig? Ik ook!
Ik ben Jamie, en dit kanaal legt al die ongeschreven regels van menselijke interactie uit met behulp van stokfiguren (want waarom zou je het nog ingewikkelder maken?).
Geen jargon of zweverige theorieën hier—gewoon duidelijke tips voor het omgaan met ongemakkelijke gesprekken, het opbouwen van betere relaties, en het begrijpen waarom we de rare dingen doen die we doen.
Of je nu probeert te navigeren door kantoorpolitiek, dating, vriendschappen, of gewoon die stem in je hoofd wilt stoppen die alles overanalyseert, ik help je verder.
Elke week nieuwe video's die je helpen mensen te begrijpen (inclusief jezelf) zonder dat je een psychologiediploma nodig hebt. Abonneer je als je klaar bent om je sociale vaardigheden te verbeteren terwijl je stokfiguren het leven ziet uitleggen!"
UC7IZjtoKFmgE4f2UnWBUjaA,or_IN,ଜେମି ସୋସିଆଲ,"କେବେ ଲାଗେ ଯେ ସାମାଜିକ ବିଷୟଗୁଡ଼ିକ ଆବଶ୍ୟକତାଠାରୁ ବହୁତ ଜଟିଳ? ମୋର ମଧ୍ୟ ସେହି ଲାଗେ!
ମୁଁ ଜେମି, ଏବଂ ଏହି ଚ୍ୟାନେଲ ଷ୍ଟିକ ଫିଗର ବ୍ୟବହାର କରି ମାନବୀୟ ପାରସ୍ପରିକ କ୍ରିୟାର ସେହି ଅଲିଖିତ ନିୟମଗୁଡ଼ିକୁ ସରଳ କରେ (କାରଣ ବିଷୟଗୁଡ଼ିକୁ ଆହୁରି ଜଟିଳ କରିବାର କ'ଣ ଦରକାର?)।
ଏଠାରେ କୌଣସି କଠିନ ଶବ୍ଦ କିମ୍ବା ଅର୍ଥହୀନ ସିଦ୍ଧାନ୍ତ ନାହିଁ—କେବଳ ଅସହଜ କଥାବାର୍ତ୍ତା ସାମ୍ନା କରିବା, ଭଲ ସମ୍ପର୍କ ଗଢ଼ିବା, ଏବଂ ଆମେ କାହିଁକି ଅଦ୍ଭୁତ କାମ କରୁ ତାହା ବୁଝିବା ପାଇଁ ସିଧା ସରଳ ପରାମର୍ଶ।
ଆପଣ ଅଫିସ ରାଜନୀତି, ଡେଟିଂ, ବନ୍ଧୁତାରେ ରାସ୍ତା ଖୋଜିବାକୁ ଚେଷ୍ଟା କରୁଥିବେ କିମ୍ବା ଆପଣଙ୍କ ମୁଣ୍ଡରେ ଥିବା ସବୁକିଛି ଅଧିକ ବିଶ୍ଳେଷଣ କରୁଥିବା ସ୍ୱରକୁ ବନ୍ଦ କରିବାକୁ ଚାହୁଁଥିବେ, ମୁଁ ଆପଣଙ୍କ ପାଖରେ ଅଛି।
ପ୍ରତି ସପ୍ତାହରେ ନୂତନ ଭିଡିଓ ଯାହା ଆପଣଙ୍କୁ ମନୋବିଜ୍ଞାନ ଡିଗ୍ରୀ ବିନା ଲୋକମାନଙ୍କୁ (ନିଜକୁ ସମେତ) ବୁଝିବାରେ ସାହାଯ୍ୟ କରିବ। ଯଦି ଆପଣ ଷ୍ଟିକ ଫିଗରମାନଙ୍କୁ ଜୀବନ ବ୍ୟାଖ୍ୟା କରୁଥିବା ଦେଖି ଆପଣଙ୍କ ସାମାଜିକ ଦକ୍ଷତା ବଢ଼ାଇବାକୁ ପ୍ରସ୍ତୁତ, ତେବେ ସବସ୍କ୍ରାଇବ କରନ୍ତୁ!"
UC7IZjtoKFmgE4f2UnWBUjaA,pa_IN,ਜੈਮੀ ਸੋਸ਼ਲ,"ਕਦੇ ਲਗਦਾ ਹੈ ਕਿ ਸਮਾਜਿਕ ਗੱਲਾਂ ਲੋੜ ਤੋਂ ਕਿਤੇ ਜ਼ਿਆਦਾ ਉਲਝਣ ਵਾਲੀਆਂ ਹਨ? ਮੈਨੂੰ ਵੀ ਇਹੋ ਲਗਦਾ ਹੈ!
ਮੈਂ ਜੈਮੀ ਹਾਂ, ਅਤੇ ਇਹ ਚੈਨਲ ਸਟਿਕ ਫਿਗਰ ਵਰਤ ਕੇ ਇੰਸਾਨੀ ਰਿਸ਼ਤਿਆਂ ਦੇ ਉਹ ਅਣਲਿਖੇ ਨਿਯਮ ਸਮਝਾਉਂਦਾ ਹੈ (ਕਿਉਂਕਿ ਗੱਲਾਂ ਨੂੰ ਹੋਰ ਉਲਝਾਉਣ ਦੀ ਕੀ ਲੋੜ?)।
ਇੱਥੇ ਕੋਈ ਮੁਸ਼ਕਿਲ ਸ਼ਬਦਾਵਲੀ ਜਾਂ ਫਾਲਤੂ ਸਿਧਾਂਤ ਨਹੀਂ—ਸਿਰਫ਼ ਬੇਇੱਜ਼ਤੀ ਵਾਲੀਆਂ ਗੱਲਾਂ ਨਾਲ ਨਿਪਟਣ, ਬਿਹਤਰ ਰਿਸ਼ਤੇ ਬਣਾਉਣ, ਅਤੇ ਇਹ ਸਮਝਣ ਲਈ ਸਿੱਧੇ ਟਿਪਸ ਕਿ ਅਸੀਂ ਅਜੀਬ ਕੰਮ ਕਿਉਂ ਕਰਦੇ ਹਾਂ।
ਭਾਵੇਂ ਤੁਸੀਂ ਦਫ਼ਤਰ ਦੀ ਰਾਜਨੀਤੀ, ਡੇਟਿੰਗ, ਦੋਸਤੀ ਵਿੱਚ ਰਾਹ ਲੱਭਣ ਦੀ ਕੋਸ਼ਿਸ਼ ਕਰ ਰਹੇ ਹੋ ਜਾਂ ਸਿਰਫ਼ ਆਪਣੇ ਦਿਮਾਗ਼ ਵਿੱਚ ਉਸ ਆਵਾਜ਼ ਨੂੰ ਬੰਦ ਕਰਨਾ ਚਾਹੁੰਦੇ ਹੋ ਜੋ ਹਰ ਗੱਲ ਦਾ ਬਹੁਤ ਵਿਸ਼ਲੇਸ਼ਣ ਕਰਦੀ ਹੈ, ਮੈਂ ਤੁਹਾਡੇ ਕੰਮ ਆਵਾਂਗਾ।
ਹਰ ਹਫ਼ਤੇ ਨਵੇਂ ਵੀਡੀਓ ਜੋ ਤੁਹਾਨੂੰ ਮਨੋਵਿਗਿਆਨ ਦੀ ਡਿਗਰੀ ਦੀ ਲੋੜ ਤੋਂ ਬਿਨਾਂ ਲੋਕਾਂ ਨੂੰ (ਤੁਹਾਨੂੰ ਵੀ ਸਮੇਤ) ਸਮਝਣ ਵਿੱਚ ਮਦਦ ਕਰਨਗੇ। ਜੇ ਤੁਸੀਂ ਸਟਿਕ ਫਿਗਰਾਂ ਨੂੰ ਜ਼ਿੰਦਗੀ ਦੀ ਵਿਆਖਿਆ ਕਰਦੇ ਦੇਖਦੇ ਹੋਏ ਆਪਣੇ ਸਮਾਜਿਕ ਹੁਨਰ ਨੂੰ ਸੁਧਾਰਨ ਲਈ ਤਿਆਰ ਹੋ, ਤਾਂ ਸਬਸਕ੍ਰਾਈਬ ਕਰੋ!"
UC7IZjtoKFmgE4f2UnWBUjaA,pl_PL,Jamie Social,"Czy kiedykolwiek czujesz, że sprawy społeczne są o wiele bardziej skomplikowane niż powinny? Ja też!
Jestem Jamie i ten kanał rozkłada na części wszystkie te niepisane zasady ludzkiej interakcji, używając rysunków patyczkowych (bo po co komplikować sprawy jeszcze bardziej?).
Żadnego żargonu ani pustych teorii—tylko proste wskazówki dotyczące radzenia sobie z niezręcznymi rozmowami, budowania lepszych relacji i zrozumienia, dlaczego robimy te dziwne rzeczy, which robimy.
Czy próbujesz nawigować w polityce biurowej, randkach, przyjaźniach, czy po prostu chcesz uciszyć ten głos w głowie, który wszystko nadmiernie analizuje—mam cię na oku.
Nowe filmy co tydzień, które pomogą ci zrozumieć ludzi (w tym siebie) bez potrzeby uzyskania dyplomu z psychologii. Zasubskrybuj, jeśli jesteś gotowy podnieść swoje umiejętności społeczne, oglądając patyczaki tłumaczące życie!"
UC7IZjtoKFmgE4f2UnWBUjaA,pt_BR,Jamie Social,"Já sentiu que as coisas sociais são muito mais complicadas do que precisam ser? Eu também!

Sou Jamie, e este canal desmistifica todas aquelas regras não escritas da interação humana usando bonecos de palito (porque, afinal, para quê complicar ainda mais?).

Sem jargões ou teorias vagas por aqui—apenas dicas diretas sobre como lidar com conversas desconfortáveis, construir relacionamentos melhores e entender por que fazemos as coisas estranhas que fazemos.

Esteja você tentando navegar pelas políticas de escritório, encontros amorosos, amizades, ou apenas querendo calar aquela voz na sua cabeça que analisa tudo em excesso, eu te ajudo.

Novos vídeos toda semana que vão te ajudar a entender as pessoas (incluindo você mesmo) sem precisar de um diploma em psicologia. Inscreva-se se você está pronto para melhorar suas habilidades sociais enquanto assiste a bonecos de palito explicando a vida!"
UC7IZjtoKFmgE4f2UnWBUjaA,pt_PT,Jamie Social,"Já sentes que as coisas sociais são muito mais complicadas do que precisam de ser? Eu também!
Sou o Jamie, e este canal desconstrói todas essas regras não escritas da interação humana usando bonecos de palitos (porque havemos de complicar ainda mais as coisas?).
Aqui não há jargão nem teorias vazias—apenas dicas diretas para lidar com conversas constrangedoras, construir melhores relacionamentos e perceber porque fazemos as coisas estranhas que fazemos.
Quer estejas a tentar navegar na política do escritório, encontros, amizades, ou simplesmente queiras parar aquela voz na tua cabeça que analisa tudo em excesso, estou aqui para te ajudar.
Vídeos novos todas as semanas que te vão ajudar a perceber as pessoas (incluindo tu próprio) sem precisares de um curso de psicologia. Subscreve se estiveres pronto para melhorar as tuas competências sociais enquanto vês bonecos de palitos a explicar a vida!"
UC7IZjtoKFmgE4f2UnWBUjaA,ro_RO,Jamie Sociabil,"Simți vreodată că lucrurile sociale sunt mult mai complicate decât ar trebui să fie? La fel și eu! Sunt Jamie, și acest canal descompune toate acele reguli nescrise ale interacțiunii umane folosind figuri stilizate (pentru că de ce să complicăm lucrurile și mai mult?). Fără jargon sau teorii abstracte aici—doar sfaturi directe pentru a face față conversațiilor jenante, pentru a construi relații mai bune și pentru a înțelege de ce facem lucrurile ciudate pe care le facem. Indiferent dacă încerci să navighezi prin politica de birou, întâlniri, prietenii, sau doar vrei să oprești acea voce din capul tău care supraanalizează totul, te ajut eu. Videoclipuri noi în fiecare săptămână care te vor ajuta să înțelegi oamenii (inclusiv pe tine însuți) fără să ai nevoie de o diplomă în psihologie. Abonează-te dacă ești gata să îți îmbunătățești abilitățile sociale în timp ce urmărești figuri stilizate care explică viața!"
UC7IZjtoKFmgE4f2UnWBUjaA,ru_RU,Джейми Социал,"Тебе когда-нибудь казалось, что социальные вещи гораздо сложнее, чем должны быть? Мне тоже!
Я Джейми, и на этом канале мы разбираем все неписаные правила человеческого общения с помощью человечков-палочек (потому что зачем усложнять еще больше?).
Никакого жаргона или расплывчатых теорий — только прямые советы о том, как справляться с неловкими разговорами, строить лучшие отношения и понимать, почему мы делаем те странные вещи, которые делаем.
Неважно, пытаешься ли ты разобраться в офисной политике, свиданиях, дружбе, или просто хочешь заставить замолчать тот голос в голове, который всё чрезмерно анализирует — у меня есть для тебя решение.
Новые видео каждую неделю, которые помогут тебе разобраться в людях (включая себя самого) без необходимости получать степень по психологии. Подписывайся, если готов улучшить свои навыки общения, наблюдая, как человечки-палочки объясняют жизнь!"
UC7IZjtoKFmgE4f2UnWBUjaA,si_LK,ජේමි සෝශල්,"සමාජ කරුණු අවශ්‍ය වන්නාට වඩා සංකීර්ණ යැයි ඔබට හැඟී තිබේද? මටත් එහෙමයි!
මම ජේමි, මෙම නාලිකාව මානව අන්තර්ක්‍රියා කරන ලද නොලියන නීති රීති සියල්ල කූරු රූප භාවිතා කරමින් විස්තර කරයි (තවත් සංකීර්ණ කරන්නේ ඇයි?).
මෙහි පාරිභාෂික වචන හෝ මුදු මුදුම්බු න්‍යායන් නැත—අමුතු සංවාද සමඟ කටයුතු කිරීම, වඩා හොඳ සබඳතා ගොඩනැගීම සහ අප කරන අමුතු කාර්යයන් අප ඇයි කරන්නේ දැයි තේරුම් ගැනීම පිළිබඳ සරල උපදෙස් පමණයි.
ඔබ කාර්යාල දේශපාලනය, ආදර සබඳතා, මිත්‍රත්වය හරහා යාමට උත්සාහ කරයි හෝ ඔබේ මනසේ සියල්ල අධික ලෙස විශ්ලේෂණය කරන එම කටහඬ නතර කිරීමට කැමති නම්, මම ඔබව ආවරණය කරමි.
මනෝවිද්‍යා උපාධියක් නොමැතිව මිනිසුන් (ඔබ ද ඇතුළුව) තේරුම් ගැනීමට උපකාර කරන නව වීඩියෝ සෑම සතියකම. ජීවිතය පැහැදිලි කරන කූරු රූප නරඹමින් ඔබේ සමාජ කුසලතා වැඩි දියුණු කිරීමට ඔබ සූදානම් නම් දායක වන්න!"
UC7IZjtoKFmgE4f2UnWBUjaA,sk_SK,Jamie Sociálny,"Máte niekedy pocit, že sociálne veci sú oveľa komplikovanejšie, než by mali byť? Aj ja!
Som Jamie a tento kanál rozoberie všetky tie nenapísané pravidlá ľudskej interakcie pomocou paličkových figúrok (prečo by sme to mali ešte viac komplikovať?).
Žiadny žargón ani nafúkané teórie - len jednoduché tipy, ako zvládnuť nepríjemné rozhovory, budovať lepšie vzťahy a pochopiť, prečo robíme tie čudné veci, ktoré robíme.
Či sa už snažíte zorientovať v kancelárskej politike, randení, priateľstvách, alebo len chcete zastaviť ten hlas v hlave, ktorý všetko preanalyzuje, mám vás pokrytých.
Nové videá každý týždeň, ktoré vám pomôžu pochopiť ľudí (vrátane seba) bez potreby diplomu z psychológie. Odoberajte, ak ste pripravení vylepšiť svoje sociálne zručnosti pri sledovaní paličkových figúrok, ktoré vysvetľujú život!"
UC7IZjtoKFmgE4f2UnWBUjaA,sl_SI,Jamie Socialni,"Se vam kdaj zdi, da so socialne stvari veliko bolj zapletene, kot bi morale biti? Tudi meni!
Jaz sem Jamie in ta kanal razčlenjuje vsa tista nepisana pravila človeškega medsebojnega delovanja z uporabo paličastih figur (zakaj bi stvari še dodatno zapletali?).
Tukaj ni žargona ali napihnjenih teorij—samo preprosti nasveti za spopadanje s čudnimi pogovori, gradnjo boljših odnosov in razumevanje, zakaj počnemo čudne stvari, ki jih počnemo.
Ne glede na to, ali se poskušate znajti v pisarniški politiki, zmenkih, prijateljstvih, ali pa preprosto želite ustaviti tisti glas v glavi, ki vse preveč analizira, poskrbljeno je za vas.
Novi videoposnetki vsak teden, ki vam bodo pomagali razumeti ljudi (vključno z vami) brez potrebe po diplomi iz psihologije. Naročite se, če ste pripravljeni izboljšati svoje socialne veščine ob gledanju paličastih figur, ki razlagajo življenje!"
UC7IZjtoKFmgE4f2UnWBUjaA,sq_AL,Jamie Shoqëror,"Ndonjëherë ndjen sikur gjërat sociale janë shumë më të komplikuara se sa duhet të jenë? Edhe unë njësoj!
Unë jam Jamie, dhe ky kanal i shpjegon të gjitha ato rregulla të pashkruara të ndërveprimit njerëzor duke përdorur figura shkopi (sepse pse t'i komplikojmë gjërat edhe më shumë?).
Këtu nuk ka zhargon apo teori të fryrë—vetëm këshilla të drejtpërdrejta për t'u përballur me biseda të sikletshme, për të ndërtuar marrëdhënie më të mira, dhe për të kuptuar pse bëjmë gjërat e çuditshme që bëjmë.
Pavarësisht nëse po përpiqesh të lundrosh në politikat e zyrës, takime, miqësi, apo thjesht dëshiron të ndalësh atë zë në kokën tënde që analizon tepër gjithçka, unë të kam mbuluar.
Video të reja çdo javë që do të të ndihmojnë të kuptosh njerëzit (përfshirë veten) pa pasur nevojë për një diplomë në psikologji. Abonohu nëse je gati të përmirësosh aftësitë e tua sociale duke parë figura shkopi që shpjegojnë jetën!"
UC7IZjtoKFmgE4f2UnWBUjaA,sr_Latn_RS,Džejmi Social,"Da li ste ikada osetili da su društvene stvari mnogo komplikovanije nego što treba da budu? I ja isto!
Ja sam Džejmi, i ovaj kanal razlaže sva ona nepisana pravila ljudske interakcije koristeći štapić-figure (zašto bi dodatno komplikovali stvari?).
Ovde nema žargona ili punih teorija — samo direktni saveti za suočavanje sa nezgodnim razgovorima, izgradnju boljih odnosa i razumevanje zašto radimo čudne stvari koje radimo.
Bilo da pokušavate da se snađete u kancelarijskoj politici, zabavljanju, prijateljstvima, ili jednostavno želite da zaustavite taj glas u glavi koji sve previše analizira, ja sam tu za vas.
Novi video klipovi svake nedelje koji će vam pomoći da razumete ljude (uključujući i sebe) bez potrebe za diplomom iz psihologije. Pretplatite se ako ste spremni da unapredite svoje društvene veštine dok gledate štapić-figure koje objašnjavaju život!"
UC7IZjtoKFmgE4f2UnWBUjaA,sr_RS,Џејми Друштвени,"Да ли сте икада осетили да су друштвене ствари много компликованије него што треба да буду? И ја исто!
Ја сам Џејми, и овај канал разлаже сва она неписана правила људске интеракције користећи штапић-фигуре (зашто би додатно компликовали ствари?).
Овде нема жаргона или пуних теорија — само директни савети за суочавање са незгодним разговорима, изградњу бољих односа и разумевање зашто радимо чудне ствари које радимо.
Било да покушавате да се снађете у канцеларијској политици, забављању, пријатељствима, или једноставно желите да зауставите тај глас у глави који све превише анализира, ја сам ту за вас.
Нови видео клипови сваке недеlje који ће вам помоћи да разумете људе (укључујући и себе) без потребе за дипломом из психологије. Претплатите се ако сте спремни да унапредите своје друштвене вештине док гледате штапић-фигуре које објашњавају живот!"
UC7IZjtoKFmgE4f2UnWBUjaA,sv_SE,Jamie Socialt,"Känner du någonsin att sociala grejer är mycket mer komplicerade än de behöver vara? Samma här!
Jag är Jamie, och den här kanalen bryter ner alla dessa oskrivna regler för mänsklig interaktion med hjälp av streckgubbar (varför göra det ännu mer komplicerat?).
Ingen jargong eller fluffiga teorier här—bara raka råd för att hantera pinsamma konversationer, bygga bättre relationer och förstå varför vi gör de konstiga saker vi gör.
Oavsett om du försöker navigera kontorspolitik, dejting, vänskap, eller bara vill stoppa den rösten i ditt huvud som överanalyserar allt, så har jag täckt dig.
Nya videor varje vecka som hjälper dig att förstå människor (inklusive dig själv) utan att behöva en psykologiexamen. Prenumerera om du är redo att förbättra dina sociala färdigheter medan du tittar på streckgubbar som förklarar livet!"
UC7IZjtoKFmgE4f2UnWBUjaA,sw_TZ,Jamie Kijamii,"Je, umewahi kuhisi kama mambo ya kijamii ni magumu zaidi kuliko yanavyopaswa kuwa? Hali yangu pia ni hivyo!
Mimi ni Jamie, na kituo hiki kinasambaza sheria zote za kimaelezo za mwingiliano wa kibinadamu kwa kutumia vielelezo vya fimbo (kwa nini tuongeze ugumu zaidi?).
Hakuna istilahi za kitaalamu au nadharia za kivumbi hapa—ni maelekezo moja kwa moja tu ya kushughulika na mazungumzo ya aibu, kujenga uhusiano bora, na kuelewa kwa nini tunafanya mambo ya ajabu tunayoyafanya.
Iwe unajaribu kuelewa siasa za ofisini, mahusiano ya kimapenzi, urafiki, au unataka tu kuacha ile sauti ndani ya kichwa chako inayosambaza kila kitu kupita kiasi, nimekufunika.
Video mpya kila wiki ambazo zitakusaidia kuelewa watu (pamoja na wewe mwenyewe) bila hitaji shahada ya saikolojia. Jiandikishe ikiwa uko tayari kuboresha ujuzi wako wa kijamii wakati wa kutazama vielelezo vya fimbo vinavyoeleza maisha!"
UC7IZjtoKFmgE4f2UnWBUjaA,ta_IN,ஜேமி சோஷல்,"சமூக விஷயங்கள் தேவையானதை விட மிகவும் சிக்கலானதாக உணர்ந்திருக்கிறீர்களா? எனக்கும் அப்படித்தான்!
நான் ஜேமி, இந்த சேனல் மனித தொடர்புகளின் எழுதப்படாத விதிகளை அனைத்தையும் குச்சி உருவங்களைப் பயன்படுத்தி விளக்குகிறது (ஏன் விஷயங்களை மேலும் சிக்கலாக்க வேண்டும்?).
இங்கே தொழில்நுட்ப வார்த்தைகள் அல்லது வெற்று கோட்பாடுகள் இல்லை—அசௌகரியமான உரையாடல்களை சமாளிப்பது, சிறந்த உறவுகளை உருவாக்குவது, மற்றும் நாம் ஏன் விசித்திரமான காரியங்களை செய்கிறோம் என்பதை புரிந்து கொள்வது பற்றிய நேரடியான குறிப்புகள் மட்டுமே.
நீங்கள் அலுவலக அரசியல், காதல், நட்பு ஆகியவற்றில் சமாளிக்க முயற்சிக்கிறீர்களா அல்லது உங்கள் தலையில் உள்ள எல்லாவற்றையும் அதிகமாக பகுப்பாய்வு செய்யும் குரலை நிறுத்த விரும்புகிறீர்களா, நான் உங்களை கவனித்துக்கொள்கிறேன்.
உளவியல் பட்டம் இல்லாமல் மக்களை (உங்களையும் சேர்த்து) புரிந்து கொள்ள உதவும் புதிய வீடியோக்கள் ஒவ்வொரு வாரமும். குச்சி உருவங்கள் வாழ்க்கையை விளக்குவதைப் பார்க்கும்போது உங்கள் சமூக திறமைகளை மேம்படுத்த தயாராக இருந்தால் குழுசேர்க்கை செய்யுங்கள்!"
UC7IZjtoKFmgE4f2UnWBUjaA,te_IN,జామీ సోషల్,"సామాజిక విషయాలు అవసరం కంటే చాలా క్లిష్టంగా అనిపించిందా? నాకూ అలాగే!
నేను జామీ, ఈ చానల్ మానవ పరస్పర చర్యల అన్ని అలిఖిత నియమాలను స్టిక్ ఫిగర్లు ఉపయోగించి విశ్లేషిస్తుంది (ఎందుకంటే విషయాలను మరింత క్లిష్టం చేయాలి?).
ఇక్కడ పరిభాషా పదాలు లేదా అసంబద్ధ సిద్ధాంతాలు లేవు—అసహ్యకరమైన సంభాషణలతో వ్యవహరించడం, మెరుగైన సంబంధాలను నిర్మించడం, మరియు మనం ఎందుకు విచిత్రమైన పనులు చేస్తామో అర్థం చేసుకోవడం గురించి నేరుగా సలహాలు మాత్రమే.
మీరు కార్యాలయ రాజకీయాలు, డేటింగ్, స్నేహితుల మధ్య తిరుగులాట లేదా మీ తలలో ప్రతిదాన్ని అధిక విశ్లేషణ చేసే ఆ స్వరాన్ని ఆపాలనుకుంటున్నారా, నేను మిమ్మల్ని కవర్ చేస్తాను.
మనస్తత్వశాస్త్ర డిగ్రీ లేకుండా ప్రజలను (మిమ్మల్ని కూడా) అర్థం చేసుకోవడంలో సహాయపడే కొత్త వీడియోలు ప్రతి వారం. స్టిక్ ఫిగర్లు జీవితాన్ని వివరించడం చూస్తూ మీ సామాజిక నైపుణ్యాలను పెంచుకోవడానికి సిద్ధంగా ఉంటే సబ్స్క్రైబ్ చేయండి!"
UC7IZjtoKFmgE4f2UnWBUjaA,th_TH,เจมี่ โซเชียล,"เคยรู้สึกว่าเรื่องสังคมซับซ้อนเกินความจำเป็นมั้ย? ผมก็เหมือนกัน!
ผมชื่อเจมี่ และช่องนี้จะแยกแยะกฎเกณฑ์ที่ไม่เป็นลายลักษณ์อักษรของการมีปฏิสัมพันธ์ระหว่างคนโดยใช้ตัวการ์ตูนแท่งไม้ (ทำไมต้องทำให้มันซับซ้อนขึ้นไปอีกล่ะ?)
ไม่มีศัพท์เทคนิคหรือทฤษฎีฟุ้งซ่าที่นี่—แค่คำแนะนำตรงไปตรงมาในการจัดการกับการสนทนาที่อึดอัด สร้างความสัมพันธ์ที่ดีขึ้น และเข้าใจว่าทำไมเราถึงทำสิ่งแปลกๆ ที่เราทำ
ไม่ว่าคุณจะพยายามรับมือกับการเมืองในออฟฟิศ การเดท มิตรภาพ หรือแค่อยากหยุดเสียงในหัวที่คิดมากเกินไป ผมดูแลคุณแล้ว
วิดีโอใหม่ทุกสัปดาห์ที่จะช่วยให้คุณเข้าใจคน (รวมถึงตัวคุณเอง) โดยไม่ต้องมีปริญญาจิตวิทยา กดติดตามถ้าคุณพร้อมที่จะเพิ่มทักษะสังคมในขณะที่ดูตัวการ์ตูนแท่งไม้อธิบายชีวิต!"
UC7IZjtoKFmgE4f2UnWBUjaA,tr_TR,Jamie Sosyal,"Sosyal şeylerin olması gerekenden çok daha karmaşık olduğunu hissettiniz mi hiç? Benim de öyle!
Ben Jamie, ve bu kanal insan etkileşiminin tüm o yazılı olmayan kurallarını çubuk figürler kullanarak açıklıyor (neden işleri daha da karmaşık hale getirelim ki?).
Burada jargon ya da boş teoriler yok—sadece garip sohbetlerle başa çıkma, daha iyi ilişkiler kurma ve neden yaptığımız tuhaf şeyleri yaptığımızı anlama konusunda açık ipuçları.
İster ofis politikalarında gezinmeye çalışıyor olun, ister flört, arkadaşlık konularında, ya da sadece kafanızdaki her şeyi aşırı analiz eden o sesi durdurmak istiyorsanız, sizi korudum.
Psikoloji diplomasına ihtiyaç duymadan insanları (kendiniz dahil) anlamanıza yardımcı olacak her hafta yeni videolar. Çubuk figürlerin hayatı açıkladığını izlerken sosyal becerilerinizi geliştirmeye hazırsanız abone olun!"
UC7IZjtoKFmgE4f2UnWBUjaA,uk_UA,Джеймі Соціал,"Чи відчуваєте ви коли-небудь, що соціальні речі набагато складніші, ніж повинні бути? Зі мною теж так!
Я Джеймі, і цей канал розбирає всі ті неписані правила людської взаємодії, використовуючи фігурки з паличок (навіщо ускладнювати речі ще більше?).
Тут немає жаргону чи пустих теорій—лише прямі поради щодо того, як справлятися з незручними розмовами, будувати кращі стосунки та розуміти, чому ми робимо дивні речі, які робимо.
Чи намагаєтесь ви орієнтуватися в офісній політиці, побаченнях, дружбі, чи просто хочете зупинити той голос у голові, який все надмірно аналізує, я вас прикрию.
Нові відео щотижня, які допоможуть вам зрозуміти людей (включно з вами) без потреби в дипломі з психології. Підписуйтесь, якщо ви готові підвищити свої соціальні навички, дивлячись на фігурки з паличок, які пояснюють життя!"
UC7IZjtoKFmgE4f2UnWBUjaA,ur_PK,جیمی سوشل,"کیا آپ کو کبھی لگا ہے کہ سماجی معاملات ضرورت سے کہیں زیادہ پیچیدہ ہیں؟ میرا بھی یہی حال ہے!
میں جیمی ہوں، اور یہ چینل انسانی رابطوں کے تمام غیر تحریری اصولوں کو چھڑی والے کرداروں کے ذریعے سمجھاتا ہے (کیونکہ معاملات کو مزید پیچیدہ کیوں بنایا جائے؟)۔
یہاں کوئی اصطلاحات یا بے بنیاد نظریات نہیں—صرف عجیب گفتگو سے نپٹنے، بہتر رشتے بنانے، اور یہ سمجھنے کے لیے سیدھے سادے ٹپس کہ ہم عجیب کام کیوں کرتے ہیں۔
چاہے آپ دفتری سیاست، ڈیٹنگ، دوستی میں راہ تلاش کر رہے ہوں، یا بس اپنے دماغ میں ہر چیز کا زیادہ تجزیہ کرنے والی آواز کو روکنا چاہتے ہوں، میں آپ کو کور کرتا ہوں۔
ہر ہفتے نئے ویڈیوز جو آپ کو نفسیات کی ڈگری کی ضرورت کے بغیر لوگوں (بشمول خود آپ) کو سمجھنے میں مدد کریں گے۔ سبسکرائب کریں اگر آپ چھڑی والے کرداروں کو زندگی کی وضاحت کرتے دیکھتے ہوئے اپنی سماجی مہارتوں کو بہتر بنانے کے لیے تیار ہیں!"
UC7IZjtoKFmgE4f2UnWBUjaA,uz_UZ,Jeymi Social,"Ijtimoiy ishlar keragidan ancha murakkab bo'lib tuyulganini his qilganmisiz? Menda ham shunday!
Men Jeymiman, va bu kanal inson o'zaro munosabatlarining barcha yozilmagan qoidalarini tayoq figuralar yordamida tushuntiradi (nega ishlarni yanada murakkablashtirish kerak?).
Bu yerda jargon yoki bo'sh nazariyalar yo'q—faqat noqulay suhbatlar bilan kurashish, yaxshiroq munosabatlar qurish va nima uchun g'alati ishlarni qilishimizni tushunish bo'yicha to'g'ridan-to'g'ri maslahatlar.
Ofis siyosati, uchrashuvlar, do'stlik bilan shug'ullanayotgan bo'lsangiz yoki boshingizda hamma narsani haddan tashqari tahlil qiluvchi ovozni to'xtatmoqchi bo'lsangiz, men sizni qamrab olaman.
Har hafta yangi videolar psixologiya diplomisiz odamlarni (o'zingizni ham) tushunishga yordam beradi. Tayoq figuralarning hayotni tushuntirishini tomosha qilib, ijtimoiy ko'nikmalaringizni oshirishga tayyor bo'lsangiz, obuna bo'ling!"
UC7IZjtoKFmgE4f2UnWBUjaA,vi_VN,Jamie Xã hội,"Bạn có bao giờ cảm thấy những thứ xã hội phức tạp hơn mức cần thiết không? Tôi cũng thế!
Tôi là Jamie, và kênh này phân tích tất cả những quy tắc không thành văn của tương tác con người bằng cách sử dụng hình que (tại sao phải làm mọi thứ phức tạp hơn chứ?).
Ở đây không có thuật ngữ hay lý thuyết rườm rà—chỉ có những lời khuyên thẳng thắn về cách đối phó với những cuộc trò chuyện khó xử, xây dựng các mối quan hệ tốt hơn, và hiểu tại sao chúng ta lại làm những điều kỳ lạ mà chúng ta làm.
Dù bạn đang cố gắng điều hướng chính trị văn phòng, hẹn hò, tình bạn, hay chỉ muốn ngừng cái giọng nói trong đầu luôn phân tích quá mức mọi thứ, tôi đã che chở cho bạn.
Video mới mỗi tuần sẽ giúp bạn hiểu về con người (bao gồm cả bản thân bạn) mà không cần bằng tâm lý học. Đăng ký nếu bạn sẵn sàng nâng cấp kỹ năng xã hội của mình trong khi xem hình que giải thích cuộc sống!"
UC7IZjtoKFmgE4f2UnWBUjaA,zh_CN,Jamie Social,"你是否觉得社交事务比必要的要复杂得多？我也是！
我是Jamie，这个频道用火柴人动画来解析人际互动中所有那些不成文的规则（因为何必把事情弄得更复杂呢？）。
这里没有专业术语或华而不实的理论——只有关于如何应对尴尬对话、建立更好的关系，以及理解为什么我们会做那些奇怪事情的直接建议。
无论你是在尝试驾驭办公室政治、约会、友谊，或者只是想让那个过度分析一切的脑内声音安静下来，我都能帮到你。
每周更新的视频将帮助你理解人（包括你自己），而且不需要心理学学位。如果你准备好在看火柴人解释生活的同时提升你的社交技能，就请订阅吧！"
UC7IZjtoKFmgE4f2UnWBUjaA,zh_HK,Jamie 社交,"有冇試過覺得社交嘢比實際需要複雜好多？我都係！
我係Jamie，呢個頻道用火柴人嚟拆解所有人際互動嘅潛規則（點解要搞到更加複雜呢？）。
呢度冇咩行話或者空泛嘅理論—只係直接俾你貼士點樣處理尷尬對話、建立更好嘅關係，同埋理解點解我哋會做啲奇怪嘅嘢。
無論你係想應付辦公室政治、拍拖、友誼，定係淨係想停止腦入面嗰把聲成日諗多咗，我都幫到你。
每個禮拜都有新片幫你理解人（包括你自己），唔使要心理學學位。如果你準備好提升你嘅社交技巧，一路睇火柴人解釋人生，就訂閱啦！"
UC7IZjtoKFmgE4f2UnWBUjaA,zh_TW,Jamie社交學,"有沒有覺得社交這件事比實際需要的複雜太多？我也是！
我是Jamie，這個頻道用火柴人來拆解人際互動中那些不成文的規則（因為何必把事情搞得更複雜呢？）。
這裡沒有術語或空洞的理論——只有直白的技巧，教你應對尷尬對話、建立更好的關係，以及理解我們為什麼會做那些奇怪的事。
無論你是想搞懂辦公室政治、約會、友情，還是只想讓腦中那個過度分析一切的聲音閉嘴，我都能幫到你。
每週推出新影片，幫你理解人性（包括你自己），不需要心理學學位。如果你準備好在看火柴人解釋人生的同時提升人際技巧，就訂閱吧！"
UC7IZjtoKFmgE4f2UnWBUjaA,zu_ZA,Jamie Omphakathi,"Ngabe uzizwa ngathi izinto zomphakathi ziyinkimbinkimbi kakhulu kunalokho okumele kube yikho? Nami nginjalo! NginguJamie, futhi lesi siteshi sichaza yonke lemithetho engabhalwanga yokuxhumana kwabantu sisebenzisa imidwebo elula (ngoba kungani senze izinto zibe nzima kakhulu?). Akukho magama anzima noma amathiyori angaqondakali lapha—kuphela amathiphu aqondile okubhekana nezingxoxo ezingathandeki, ukwakha ubudlelwano obungcono, nokuqonda ukuthi sikwenzani izinto ezingajwayelekile. Noma uzama ukuhamba ezinhlanganisweni zehhovisi, ukuqomana, ubungane, noma ufuna ukumisa lelo zwi ekhanda lakho elicabanga kakhulu ngakho konke, ngikubheke. Amavidiyo amasha masonto onke azokusiza ukuqonda abantu (kubalwa nawe) ngaphandle kwesidingo sokuba nesiqu sezengqondo. Bhalisa uma usukulungele ukuthuthukisa amakhono akho okubhekana nabantu ngenkathi ubuka imidwebo elula ichaza ukuphila!"
UCYNldGFnfcDE8ItayYf7izg,de_DE,Eating Our Way to Extinction,"Eating Our Way to Extinction ist ein Dokumentarfilm, der die Zuschauer auf eine Reise um die Welt mitnimmt und den Elefanten im Zimmer, über den niemand sprechen will, zum Thema macht. Dieser eindringliche Dokumentarfilm vermittelt eine einfache, aber durchschlagende Botschaft, indem er harte unverblümt Wahrheiten aufdeckt und das drängendste Problem unserer Generation - den ökologischen Kollaps - auf der Kinoleinwand aufgreift.

Auf diesem Kanal haben Sie Zugang zu einer Vielzahl verschiedener Inhalte, einschließlich des Dokumentarfilms selbst, sowie vieler Videos und Interviews, die sich mit diesem dringlichen Thema beschäftigen.
Möchten Sie mehr erfahren? Abonnieren Sie unseren Kanal und stellen Sie sicher, dass Sie Ihre Benachrichtigungen einschalten, damit Sie keinen unserer Inhalte verpassen: https://bit.ly/SubscribeEatingOurWayToExtinction
"
UCYNldGFnfcDE8ItayYf7izg,en_US,EATING OUR WAY TO EXTINCTION,"Welcome to the official Eating Our Way to Extinction YouTube channel. 

Eating Our Way to Extinction is a cinematic feature documentary, taking audiences on a journey around the world and addressing the elephant in the room that no one wants to talk about. This powerful documentary sends a simple but impactful message by uncovering hard truths and addressing, the most pressing issue of our generation – ecological collapse.

On this channel, you will have access to a variety of different content, including the documentary itself as well as many videos and interviews addressing this pressing issue. 

Want to learn more? Subscribe to our channel and make sure to turn your post notifications on so you don’t miss out on any of our content: https://bit.ly/SubscribeEatingOurWayToExtinction
"
UCYNldGFnfcDE8ItayYf7izg,es_ES,COMIENDO NUESTRO CAMINO A LA EXTINCIÓN,"Comiendo nuestro camino a la extinción es un documental cinematográfico que lleva al público a un viaje alrededor del mundo y aborda el tema tabú del que nadie quiere hablar. Este poderoso documental envía un mensaje sencillo pero impactante al descubrir verdades duras y abordar, en la gran pantalla, el problema más urgente de nuestra generación: el colapso ecológico.
 
En este canal, tendrás acceso a una variedad de contenidos diferentes, incluyendo el propio documental, así como muchos vídeos y entrevistas que abordan este problema urgente.

¿Quieres saber más? Suscríbete a nuestro canal y asegúrate de activar las notificaciones de las publicaciones para no perderte ningún contenido:
https://bit.ly/SubscribeEatingOurWayToExtinction"
UCYNldGFnfcDE8ItayYf7izg,fr_FR,MANGER NOUS MÈNERA À L’EXTINCTION,"Manger nous mènera à l’extinction est un film documentaire, qui emmène le spectateur de par le monde et qui dénonce le grave problème que tout le monde veut ignorer…
Ce documentaire puissant envoie un message simple mais percutant en révélant des vérités dures et en abordant, sur grand écran, le problème le plus urgent de notre génération : l'effondrement écologique.
 
Sur cette chaîne, vous aurez accès à une variété de contenus, y compris le documentaire lui-même ainsi que de nombreuses vidéos et interviews traitant de ce problème urgent.
 
Vous voulez en savoir plus ? Abonnez-vous à notre chaîne et assurez-vous d'activer vos notifications de publication afin de ne manquer aucun de nos contenus :
https://bit.ly/SubscribeEatingOurWayToExtinction"
UCYNldGFnfcDE8ItayYf7izg,pt_BR,MANGIANDO FINO ALL’ESTINZIONE,"“MANGIANDO FINO ALL’ESTINZIONE” E’ UN DOCUMENTARIO CINEMATOGRAFICO CHE CI PORTA IN GIRO PER IL MONDO CON LO SCOPO DI SVELARE CIO’ CHE NESSUNO HA IL CORAGGIO DI DIRE……

QUESTO DOCUMENTARIO, PROFONDAMENTE FICCANTE, SVELA VERITA’ SCOMODE SULLA QUESTIONE PIU’ URGENTE DA AFFRONTARE : IL COLLASSO ECOLOGICO

SU QUESTO CANALE AVRAI ACCESSO A UNA VARIETA’ STRAORDINARIA DI CONTENUTI…DAL DOCUMENTARIO STESSO FINO A VIDEO E INTERVISTE SU QUESTA QUESTIONE COCENTE

VUOI SAPERNE DI PIU’? ISCRIVITI AL NOSTRO CANALE E ATTIVA LE NOTIFICHE COSI’ DA NON PERDERTI NESSUN NUOVO CONTENUTO:
https://bit.ly/SubscribeEatingOurWayToExtinction
"
